June 19, 2014	H Amdt 917	Prohibits United States from Providing Weapons in Syria	Amendment Rejected - House(167 - 244)	Yea	
June 19, 2014	H Amdt 935	Prohibits a Federal Employee from Requesting Foreign Intelligence Information in Relation to a US Citizen	Amendment Adopted - House(293 - 123)	Nay	
June 10, 2014	H Amdt 813	Prohibits Funds from Being Used to Implement a Department of Housing and Urban Development Plan	Amendment Adopted - House(219 - 207)	Nay	
June 10, 2014	H Amdt 815	Prohibits Funds from Being Used to Acquire Traffic Cameras	Amendment Adopted - House(255 - 171)	Nay	
June 10, 2014	H Amdt 823	Prohibits Funds from Being Used for the California High-Speed Rail	Amendment Adopted - House(227 - 186)	Nay	
June 10, 2014	HR 4745	Transportation, Housing and Urban Development, and Related Agencies Appropriations Act, 2015	Bill Passed - House(229 - 192)	Nay	
June 9, 2014	H Amdt 783	Reduces Appropriations to Amtrak	Amendment Rejected - House(154 - 248)	Nay	
May 30, 2014	H Amdt 738	Authorizes Funds to be Used for Guantanamo Bay Operations	Amendment Rejected - House(169 - 230)	Nay	
May 30, 2014	H Amdt 748	Prohibits Federal Agencies from Preventing States from Authorizing the Use of Medical Marijuana	Amendment Adopted - House(219 - 189)	Yea	
May 30, 2014	H Amdt 750	Prohibits Funds from Being Used for the Transfer of Clemency Application Screening Personnel	Amendment Adopted - House(219 - 189)	Nay	
May 30, 2014	H Amdt 763	Prohibits Funds from Being Used to Require Journalists to Disclose Sources	Amendment Adopted - House(225 - 183)	Yea	
May 22, 2014	H Amdt 671	Prohibits Funds from Being Used for Certain Climate Change Reports	Amendment Adopted - House(231 - 192)	Nay	
May 22, 2014	H Amdt 675	Prohibits Funds from Being Used for Guantanmo Bay Operations	Amendment Rejected - House(177 - 247)	Nay	
May 22, 2014	H Amdt 676	Repeals Indefinite Military Detention Provisions	Amendment Rejected - House(191 - 230)	Yea	
May 22, 2014	H Amdt 679	Prohibits Funds from Being Used to Implement the New START Treaty	Amendment Adopted - House(233 - 191)	Nay	
May 22, 2014	H Amdt 680	Repeals Military Force Authorization	Amendment Rejected - House(191 - 233)	Nay	
May 22, 2014	HR 3361	USA FREEDOM Act	Bill Passed - House(303 - 121)	Yea	
May 22, 2014	HR 4435	Howard P. "Buck" McKeon National Defense Authorization Act for Fiscal Year 2015	Bill Passed - House(325 - 98)	Yea	
May 21, 2014	H Amdt 669	Amends Intercontinental-Range Ballistic Missiles (ICBM) Laws	Amendment Adopted - House(222 - 196)	Nay	
May 9, 2014	HR 4438	American Research and Competitiveness Act of 2014	Bill Passed - House(274 - 131)	Yea	
May 7, 2014	H Res 574	Recommends that the House of Representatives Find Lois G. Lerner in Contempt of Congress	Resolution Passed - House(231 - 187)	Nay	
April 10, 2014	H Con Res 96	Establishing the Budget for the United States Government for Fiscal Year 2015 and Setting Forth Appropriate Budgetary Levels for Fiscal Years 2016 Through 2024	Joint Resolution Passed - House(219 - 205)	Nay	
April 8, 2014	HR 1871	Baseline Reform Act of 2014	Bill Passed - House(230 - 185)	Yea	
April 4, 2014	HR 1874	Pro-Growth Budgeting Act of 2014	Bill Passed - House(224 - 182)	Nay	
April 3, 2014	HR 2575	Save American Workers Act of 2014	Bill Passed - House(248 - 179)	Yea	
March 26, 2014	HR 1459	Ensuring Public Involvement in the Creation of National Monuments Act	Bill Passed - House(222 - 201)	Nay	
March 25, 2014	HR 2824	Preventing Government Waste and Protecting Coal Mining Jobs in America	Bill Passed - House(229 - 192)	Nay	
March 14, 2014	HR 4015	SGR Repeal and Medicare Provider Payment Modernization Act of 2014	Bill Passed - House(238 - 181)	Yea	
March 13, 2014	HR 3189	Water Rights Protection Act	Bill Passed - House(238 - 174)	Yea	
March 13, 2014	HR 3973	Faithful Execution of the Law Act of 2014	Bill Passed - House(244 - 171)	Yea	
March 12, 2014	HR 4138	Executive Needs to Faithfully Observe and Respect Congressional Enactments of (ENFORCE) the Law Act of 2014	Bill Passed - House(233 - 181)	Nay	
March 6, 2014	H Amdt 585	Prohibits the Social Cost of Carbon from Being Included in Agency Determinations	Amendment Adopted - House(222 - 188)	Nay	
March 6, 2014	H Amdt 587	Exempts Certain Nuclear Facility Construction Projects from Environmental Review Time Frame Requirements	Amendment Rejected - House(187 - 220)	Yea	
March 6, 2014	HR 2641	Responsibly And Professionally Invigorating Development (RAPID) Act of 2013	Bill Passed - House(229 - 179)	Nay	
March 6, 2014	HR 3826	Electricity Security and Affordability Act	Bill Passed - House(229 - 183)	Nay	
March 5, 2014	HR 4118	Suspending the Individual Mandate Penalty Law Equals (SIMPLE) Fairness Act	Bill Passed - House(250 - 160)	Yea	
March 4, 2014	HR 3370	Homeowner Flood Insurance Affordability Act of 2014	Bill Passed - House(306 - 91)	Yea	
Feb. 27, 2014	H Amdt 561	Requires Agency Heads to File Negative-Impact Reports	Amendment Adopted - House(249 - 162)	Yea	
Feb. 27, 2014	HR 2804	Achieving Less Excess in Regulation and Requiring Transparency Act of 2014	Bill Passed - House(236 - 179)	Nay	
Feb. 27, 2014	HR 3193	Consumer Financial Protection Safety and Soundness Improvement Act of 2013	Bill Passed - House(232 - 182)	Nay	
Feb. 26, 2014	HR 3865	Stop Targeting of Political Beliefs by the IRS Act of 2014	Bill Passed - House(243 - 176)	Yea	
Feb. 25, 2014	HR 1123	Unlocking Consumer Choice and Wireless Competition Act	Bill Passed - House(295 - 114)	Yea	
Feb. 11, 2014	S 540	Temporary Debt Limit Extension Act	Bill Passed - House(221 - 201)	Yea	
Jan. 29, 2014	HR 2642	Federal Agriculture Reform and Risk Management Act of 2013	Conference Report Adopted - House(251 - 166)	Yea	
Jan. 28, 2014	HR 7	No Taxpayer Funding for Abortion Act	Bill Passed - House(227 - 188)	Nay	
Jan. 16, 2014	HR 3362	Exchange Information Disclosure Act	Bill Passed - House(259 - 154)	Yea	
Jan. 15, 2014	HR 3547	Consolidated Appropriations Act, 2014	Concurrence Vote Passed - House(359 - 67)	Yea	
Jan. 13, 2014	HR 3811	Health Exchange Security and Transparency Act of 2014	Bill Passed - House(291 - 122)	Yea	
Jan. 9, 2014	HR 2279	Reducing Excessive Deadline Obligations Act of 2014	Bill Passed - House(225 - 188)	Nay	
Dec. 12, 2013	H J Res 59	Continuing Appropriations Resolution, 2014	Concurrence Vote Passed - House(332 - 94)	Yea	
April 14, 2015	HR 650	Preserving Access to Manufactured Housing Act of 2015	Bill Passed - House(263 - 162)	Yea	
March 3, 2015	HR 240	Department of Homeland Security Appropriations Act of 2015	Concurrence Vote Passed - House(257 - 167)	Yea	
Feb. 27, 2015	S J Res 35	Making Further Continuing Appropriations for Fiscal Year 2015	Bill Failed - House(203 - 224)	Yea	
Feb. 13, 2015	HR 636	America's Small Business Tax Relief Act of 2015	Bill Passed - House(272 - 142)	Yea	
Feb. 12, 2015	HR 644	America Gives More Act of 2015	Bill Passed - House(279 - 137)	Yea	
Feb. 11, 2015	HR 880	American Research and Competitiveness Act of 2015	House	Co-sponsor	
Feb. 11, 2015	S 1	A Bill to Approve the Keystone XL Pipeline	Bill Passed - House(270 - 152)	Nay	
Feb. 5, 2015	HR 527	Small Business Regulatory Flexibility Improvements Act of 2015	Bill Passed - House(260 - 163)	Yea	
Feb. 4, 2015	HR 50	Unfunded Mandates Information and Transparency Act of 2015	Bill Passed - House(250 - 173)	Yea	
Feb. 4, 2015	HR 702	To Adapt to Changing Crude Oil Market Conditions	House	Co-sponsor	
Feb. 3, 2015	HR 596	Repeal of the Patient Protection and Affordable Care Act and Health Care-Related Provisions in the Health Care and Education Reconciliation Act of 2010	Bill Passed - House(239 - 186)	Nay	
Feb. 2, 2015	HR 650	Preserving Access to Manufactured Housing Act of 2015	House	Co-sponsor	
Jan. 22, 2015	HR 7	No Taxpayer Funding for Abortion and Abortion Insurance Full Disclosure Act of 2015	Bill Passed - House(242 - 179)	Nay	
Jan. 21, 2015	HR 161	Natural Gas Pipeline Permitting Reform Act	Bill Passed - House(253 - 169)	Yea	
Jan. 14, 2015	HR 240	Department of Homeland Security Appropriations Act of 2015	Bill Passed - House(236 - 191)	Nay	
Jan. 14, 2015	HR 37	Promoting Job Creation and Reducing Small Business Burdens Act	Bill Passed - House(271 - 154)	Yea	
Jan. 13, 2015	HR 185	Regulatory Accountability Act of 2015	Bill Passed - House(250 - 175)	Yea	
Jan. 9, 2015	HR 3	Keystone XL Pipeline Act	Bill Passed - House(266 - 153)	Nay	
Jan. 8, 2015	HR 30	Save American Workers Act of 2015	Bill Passed - House(252 - 172)	Yea	
Jan. 6, 2015	HR 160	Protect Medical Innovation Act of 2015	House	Co-sponsor	
Jan. 6, 2015	HR 30	Save American Workers Act of 2015	House	Co-sponsor	
Dec. 4, 2014	HR 5759	Preventing Executive Overreach on Immigration Act of 2014	Bill Passed - House(219 - 197)	Nay	
Nov. 19, 2014	HR 4012	Secret Science Reform Act of 2014	Bill Passed - House(237 - 190)	Nay	
Nov. 18, 2014	HR 1422	EPA Science Advisory Board Reform Act of 2013	Bill Passed - House(229 - 191)	Nay	
Nov. 14, 2014	HR 5682	To Approve the Keystone XL Pipeline	Bill Passed - House(252 - 161)	Nay	
Sept. 17, 2014	H Amdt 1141	Authorizes Aid to Syrian Opposition	Amendment Adopted - House(273 - 156)	Yea	
Sept. 17, 2014	H J Res 124	Continuing Appropriations Resolution, 2015	Joint Resolution Passed - House(319 - 108)	Yea	
Sept. 11, 2014	HR 3522	Employee Health Care Protection Act of 2013	Bill Passed - House(247 - 167)	Yea	
Sept. 9, 2014	HR 5078	Waters of the United States Regulatory Overreach Protection Act of 2014	Bill Passed - House(262 - 152)	Yea	
Sept. 9, 2014	H Res 644	Condemning and Disapproving of the Failure of the Obama Administration to Comply with the Lawful Statutory Requirement to Notify Congress before Transferring Individuals Detained at United States Naval Station, Guantanamo Bay, Cuba, and Expressing Concern About the National Security Risks Over the Transfer of Five Taliban Leaders and the Repercussions of Negotiating with Terrorists	Resolution Passed - House(249 - 163)	Yea	
Aug. 1, 2014	HR 5230	Making Supplemental Appropriations for the Fiscal Year Ending September 30, 2014, and for Other Purposes	Bill Passed - House(223 - 189)	Nay	
Aug. 1, 2014	HR 5272	To Prohibit Certain Actions with Respect to Deferred Action for Aliens Not Lawfully Present in the United States, and for Other Purposes	Bill Passed - House(216 - 192)	Nay	
July 30, 2014	H Res 676	Providing for Authority to Initiate Litigation for Actions by the President or Other Executive Branch Officials Inconsistent with Their Duties Under the Constitution of the United States	Resolution Passed - House(225 - 201)	Nay	
July 16, 2014	H Amdt 1079	Prohibits the Internal Revenue Service (IRS) from Providing Bonuses to Employees	Amendment Adopted - House(282 - 138)	Yea	
July 16, 2014	H Amdt 1083	Prohibits Federal Agencies from Paying Federal Employees Certain Pay Rates	Amendment Rejected - House(193 - 230)	Yea	
July 16, 2014	H Amdt 1086	Prohibits States from Penalizing a Bank for Providing Financial Services to Marijuana Businesses	Amendment Adopted - House(231 - 192)	Yea	
July 16, 2014	H Amdt 1093	Prohibits Federal Communications Commission (FCC) from Preventing States from Implementing Broadband Internet Access Service Laws	Amendment Adopted - House(223 - 200)	Nay	
July 16, 2014	H Amdt 1098	Prohibits District of Columbia from Implementing Certain Firearm Laws	Amendment Adopted - House(241 - 181)	Nay	
July 16, 2014	HR 5016	Financial Services and General Government Appropriations Act, 2015	Bill Passed - House(228 - 195)	Nay	
July 15, 2014	HR 5021	Highway and Transportation Funding Act of 2014Â 	Bill Passed - House(367 - 55)	Yea	
July 10, 2014	H Amdt 1012	Prohibits Federal Agencies from Contracting with Businesses Chartered in Bermuda or in the Cayman Islands	Amendment Adopted - House(221 - 200)	Nay	
July 10, 2014	H Amdt 1040	Prohibits Implementation of Certain Climate Assessments	Amendment Adopted - House(229 - 188)	Nay	
June 26, 2014	HR 4899	Lowering Gasoline Prices to Fuel an America That Works Act of 2014	Bill Passed - House(229 - 185)	Nay	
June 24, 2014	H Amdt 956	Prohibits Pending Pipeline Permit Applications from Receiving Automatic Approval	Amendment Rejected - House(171 - 240)	Yea	
June 24, 2014	HR 3301	North American Energy Infrastructure Act	Bill Passed - House(238 - 173)	Nay	
June 19, 2014	H Amdt 901	Prohibits Transfer of Guantanamo Bay Detainees to Yemen	Amendment Adopted - House(238 - 179)	Yea	
June 19, 2014	H Amdt 905	Prohibits Transfer of Guantanamo Bay Detainees to Any Foreign Country	Amendment Adopted - House(230 - 184)	Nay	
June 19, 2014	H Amdt 907	Repeals Prohibition on Guantanamo Bay Detainee Transfers and Facility Construction	Amendment Rejected - House(163 - 249)	Nay	
June 19, 2014	H Amdt 908	Prohibits United States Combat Operations in Iraq	Amendment Rejected - House(165 - 250)	Yea	
June 19, 2014	H Amdt 912	Prohibits Funds from Being Used Pursuant to the Authorization for Use of Military Force Against Iraq Resolution of 2002	Amendment Rejected - House(182 - 231)	Nay	
Nov. 19, 2015	HR 3189	Fed Oversight Reform and Modernization (FORM) Act of 2015	Bill Passed - House(241 - 185)	Nay	
Nov. 19, 2015	HR 4038	American Security Against Foreign Enemies (SAFE) Act	Bill Passed - House(289 - 137)	Yea	
Nov. 17, 2015	HR 511	Tribal Labor Sovereignty Act of 2015	Bill Passed - House(249 - 177)	Nay	
Nov. 5, 2015	HR 22	Surface Transportation Reauthorization and Reform Act of 2015	Concurrence Vote Passed - House(363 - 64)	Yea	
Nov. 3, 2015	H Amdt 747	Increases Weight Limit for Commercial Trucks	Amendment Adopted - House(187 - 236)	Yea	
Oct. 28, 2015	HR 1314	Bipartisan Budget Act of 2015	Concurrence Vote Passed - House(266 - 167)	Yea	
Oct. 27, 2015	HR 597	Export-Import Bank Reform and Reauthorization Act of 2015	Bill Passed - House(313 - 118)	Yea	
Oct. 23, 2015	HR 3762	Restoring Americans' Healthcare Freedom Reconciliation Act of 2015	Bill Passed - House(240 - 189)	Nay	
Oct. 21, 2015	HR 10	Scholarships for Opportunity and Results (SOAR) Reauthorization Act	Bill Passed - House(240 - 191)	Nay	
Oct. 21, 2015	HR 692	Default Prevention Act	Bill Passed - House(235 - 194)	Nay	
Oct. 9, 2015	HR 702	To Adapt to Changing Crude Oil Market Conditions	Bill Passed - House(261 - 159)	Did Not Vote	
Oct. 8, 2015	HR 538	Native American Energy Act	Bill Passed - House(254 - 173)	Did Not Vote	
Oct. 1, 2015	HR 1735	National Defense Authorization Act for Fiscal Year 2016	Conference Report Adopted - House(270 - 156)	Yea	
Oct. 1, 2015	HR 3457	Justice for Victims of Iranian Terrorism Act	Bill Passed - House(251 - 173)	Yea	
Sept. 30, 2015	HR 719	Continuing Appropriations Act, 2016	Concurrence Vote Passed - House(277 - 151)	Yea	
Sept. 29, 2015	HR 3495	Women's Public Health and Safety Act	Bill Passed - House(236 - 193)	Nay	
Sept. 25, 2015	HR 348	Responsibly and Professionally Invigorating Development (RAPID) Act of 2015	Bill Passed - House(233 - 170)	Nay	
Sept. 18, 2015	HR 3134	Defund Planned Parenthood Act of 2015	Bill Passed - House(241 - 187)	Nay	
Sept. 18, 2015	HR 3504	Born-Alive Abortion Survivors Protection Act	Bill Passed - House(248 - 177)	Nay	
Sept. 11, 2015	HR 3460	To Suspend Until January 21, 2017, the Authority of the President to Waive, Suspend, Reduce, Provide Relief from, or Otherwise Limit the Application of Sanctions Pursuant to an Agreement Related to the Nuclear Program of Iran	Bill Passed - House(247 - 186)	Nay	
Sept. 11, 2015	HR 3461	To Approve the Joint Comprehensive Plan of Action, Signed at Vienna on July 14, 2015, Relating to the Nuclear Program of Iran.	Bill Failed - House(162 - 269)	Nay	
Sept. 10, 2015	H Res 411	Finding that the President Has Not Complied with Section 2 of the Iran Nuclear Agreement Review Act of 2015	Bill Passed - House(245 - 186)	Nay	
July 29, 2015	HR 1994	VA Accountability Act of 2015	Bill Passed - House(256 - 170)	Yea	
July 28, 2015	HR 427	Regulations for the Executive in Need of Scrutiny Act of 2015	Bill Passed - House(243 - 165)	Nay	
July 23, 2015	HR 1599	Safe and Accurate Food Labeling Act of 2015	Bill Passed - House(275 - 150)	Yea	
July 23, 2015	HR 3009	Enforce the Law for Sanctuary Cities Act	Bill Passed - House(241 - 179)	Yea	
July 22, 2015	HR 1734	Improving Coal Combustion Residuals Regulations Act of 2016	Bill Passed - House(258 - 166)	Nay	
July 16, 2015	HR 2898	Western Water and American Food Security Act of 2015	House(245 - 176)	Nay	
July 15, 2015	HR 3038	Highway and Transportation Funding Act of 2015	Bill Passed - House(312 - 119)	Yea	
July 9, 2015	HR 2647	Resilient Federal Forests Act of 2015	Bill Passed - House(262 - 167)	Yea	
July 8, 2015	HR 5	Student Success Act	Bill Passed - House(218 - 213)	Nay	
June 24, 2015	HR 2042	Ratepayer Protection Act	House(247 - 180)	Yea	
June 18, 2015	HR 160	Protect Medical Innovation Act of 2015	Bill Passed - House(280 - 140)	Yea	
June 16, 2015	HR 2596	Intelligence Authorization Act for Fiscal Year 2016	Bill Passed - House(247 - 178)	Yea	
June 11, 2015	HR 2685	Department of Defense Appropriations Act, 2016	Bill Passed - House(278 - 149)	Yea	
June 10, 2015	HR 2393	Country of Origin Labeling Amendments Act of 2015	Bill Passed - House(300 - 131)	Yea	
June 9, 2015	HR 2577	Transportation, Housing and Urban Development, and Related Agencies Appropriations Act, 2016	Bill Passed - House(216 - 210)	Nay	
June 3, 2015	HR 2578	Commerce, Justice, Science, and Related Agencies Appropriations Act, 2016	Bill Passed - House(242 - 183)	Yea	
June 1, 2015	HR 1335	Strengthening Fishing Communities and Increasing Flexibility in Fisheries Management Act	Bill Passed - House(225 - 152)	Nay	
May 21, 2015	HR 2262	Spurring Private Aerospace Competitiveness and Entrepreneurship Act of 2015	Bill Passed - House(284 - 133)	Yea	
May 20, 2015	HR 1806	America COMPETES Reauthorization Act of 2015	Bill Passed - House(217 - 205)	Nay	
May 20, 2015	HR 880	American Research and Competitiveness Act of 2015	Bill Passed - House(274 - 145)	Yea	
May 15, 2015	H Amdt 226	Limits Use of Funds to Implement New START Treaty	Amendment Adopted - House(235 - 182)	Nay	
May 15, 2015	H Amdt 230	Prohibits Listing Lesser Prairie Chicken as Endangered	Amendment Adopted - House(229 - 190)	Nay	
May 15, 2015	HR 1735	National Defense Authorization Act for Fiscal Year 2016	Bill Passed - House(269 - 151)	Yea	
May 13, 2015	HR 36	Pain-Capable Unborn Child Protection Act	Bill Passed - House(242 - 184)	Nay	
May 1, 2015	HR 2028	Energy and Water Development and Related Agencies Appropriations Act, 2016	Bill Passed - House(240 - 177)	Nay	
April 23, 2015	HR 1994	VA Accountability Act of 2015	House	Co-sponsor	
April 16, 2015	HR 1105	Death Tax Repeal Act of 2015	Bill Passed - House(240 - 179)	Yea	
April 16, 2015	HR 622	State and Local Sales Tax Deduction Fairness Act of 2015	Bill Passed - House(272 - 152)	Yea	
July 24, 2013	H Amdt 413	Prohibits the National Security Agency  from Collecting Records Under the PATRIOT Act	Amendment Rejected - House(205 - 217)	Nay	
July 24, 2013	HR 2397	Department of Defense Appropriations Act, 2014	Bill Passed - House(315 - 109)	Yea	
July 23, 2013	H Amdt 375	Prohibits the Use of Funds to Appoint Chaplains Without an Endorsing Agency	Amendment Adopted - House(253 - 173)	Nay	
July 17, 2013	HR 2667	Authority for Mandate Delay Act	Bill Passed - House(264 - 161)	Yea	
July 17, 2013	HR 2668	Fairness for American Families Act	Bill Passed - House(251 - 174)	Yea	
July 11, 2013	HR 2642	Federal Agriculture Reform and Risk Management Act of 2013	Bill Passed - House(216 - 208)	Nay	
June 28, 2013	HR 2231	Offshore Energy and Jobs Act	Bill Passed - House(235 - 186)	Nay	
June 20, 2013	H Amdt 227	Amends the Federal Sugar Program	Amendment Rejected - House(206 - 221)	Yea	
June 20, 2013	H Amdt 231	Authorizes States to Require Federal Welfare Work Requirements for the Supplemental Nutrition Assistance Program	Amendment Adopted - House(227 - 198)	Nay	
June 20, 2013	HR 1947	Federal Agriculture Reform and Risk Management Act of 2013	Bill Failed - House(195 - 234)	Yea	
June 19, 2013	H Amdt 176	Restores $20.5 Billion in Appropriations for the Supplemental Nutrition Assistance Program	Amendment Rejected - House(188 - 234)	Yea	
June 18, 2013	HR 1797	Pain-Capable Unborn Child Protection Act	Bill Passed - House(228 - 196)	Nay	
June 14, 2013	H Amdt 167	Prohibits the Use of Funds for the Transfer or Release of Guantanamo Detainees to Yemen	Amendment Adopted - House(236 - 188)	Yea	
June 14, 2013	H Amdt 168	Establishes Framework for the Closing of the Detention Facility at Guantanamo Bay, Cuba, by December 1, 2014	Amendment Rejected - House(174 - 249)	Nay	
June 14, 2013	HR 1960	National Defense Authorization Act for Fiscal Year 2014	Motion Rejected - House(194 - 225)	Yea	
June 14, 2013	HR 1960	National Defense Authorization Act for Fiscal Year 2014	Bill Passed - House(315 - 108)	Yea	
June 6, 2013	H Amdt 136	Prohibits the Enforcement of the Immigration Executive Order	Amendment Adopted - House(224 - 201)	Nay	
June 6, 2013	HR 2217	Department of Homeland Security Appropriations Act of 2014	Bill Passed - House(245 - 182)	Yea	
June 5, 2013	H Amdt 121	Delays National Flood Insurance Premiums Increases	Amendment Adopted - House(281 - 146)	Yea	
June 4, 2013	H Amdt 84	Authorizes Funds for the Construction of United States Prison for Prisoners from Guantanamo Bay, Cuba	Amendment Rejected - House(170 - 254)	Nay	
May 23, 2013	HR 1911	Smarter Solutions for Students Act	Bill Passed - House(221 - 198)	Nay	
May 22, 2013	H Amdt 67	Requires a Finding be Added Concerning Oil Sand Crudes	Amendment Rejected - House(146 - 269)	Yea	
May 22, 2013	H Amdt 69	Requires Threat Assessment of Pipeline Vulnerabilities to a Terrorist Attack	Amendment Rejected - House(176 - 239)	Yea	
May 22, 2013	H Amdt 71	Repeals Requirement that Secretary of the Army Approve All Keystone XL Pipeline Permit Applications	Amendment Rejected - House(182 - 234)	Yea	
May 22, 2013	H Amdt 72	Increases Time to File a Claim Under the Northern Route Approval Act from 60 Days to 1 Year	Amendment Rejected - House(182 - 234)	Yea	
May 22, 2013	H Amdt 75	Requires All Oil and Refined Fuels Transported Through the Keystone XL Pipeline to be Used Only in The United States	Amendment Rejected - House(162 - 255)	Yea	
May 22, 2013	HR 3	Northern Route Approval Act	Bill Passed - House(241 - 175)	Nay	
May 17, 2013	HR 1062	SEC Regulatory Accountability Act	Bill Passed - House(235 - 161)	Yea	
May 16, 2013	HR 45	Repeals the Patient Protection and Affordable Care Act and Health Care-Related Provisions in the Health Care and Education Reconciliation Act of 2010	Bill Passed - House(229 - 195)	Nay	
May 9, 2013	HR 807	Full Faith and Credit Act	Bill Passed - House(221 - 207)	Nay	
May 8, 2013	HR 1406	Working Families Flexibility Act of 2013	Bill Passed - House(223 - 204)	Nay	
April 18, 2013	HR 624	Cyber Intelligence Sharing and Protection Act	Bill Passed - House(288 - 127)	Yea	
April 15, 2013	HR 249	Federal Employee Tax Accountability Act of 2013	Bill Failed - House(250 - 159)	Nay	
April 12, 2013	HR 1120	Preventing Greater Uncertainty in Labor-Management Relations Act	Bill Passed - House(219 - 209)	Nay	
March 21, 2013	H Con Res 25	Establishing the Budget for the United States Government for Fiscal Year 2014 and Setting Forth Appropriate Budgetary Levels for Fiscal Years 2015 Through 2023	Joint Resolution Passed - House(221 - 207)	Nay	
March 21, 2013	HR 933	Consolidated and Further Continuing Appropriations Act, 2013	Concurrence Vote Passed - House(318 - 109)	Yea	
March 15, 2013	HR 803	Supporting Knowledge and Investing in Lifelong Skills Act (SKILLS Act)	Bill Passed - House(215 - 202)	Nay	
March 13, 2013	HR 890	Preserving Work Requirements for Welfare Programs Act of 2013	Bill Passed - House(246 - 181)	Yea	
March 6, 2013	HR 933	Consolidated and Further Continuing Appropriations Act, 2013	Bill Passed - House(267 - 151)	Yea	
Feb. 28, 2013	H Amdt 23	Reauthorizes the Violence Against Women Act	Amendment Rejected - House(166 - 257)	Nay	
Feb. 28, 2013	S 47	Violence Against Women Reauthorization Act of 2013	Bill Passed - House(286 - 138)	Yea	
Feb. 15, 2013	HR 273	Eliminates the 2013 Statutory Pay Adjustment for Federal Employees	Bill Passed - House(261 - 154)	Yea	
Feb. 13, 2013	HR 624	Cyber Intelligence Sharing and Protection Act	House	Co-sponsor	
Jan. 23, 2013	HR 325	No Budget, No Pay Act of 2013	Bill Passed - House(285 - 144)	Yea	
Jan. 15, 2013	H Amdt 4	Offsets Cost of Disaster Relief Appropriations Through Discretionary Budget Cuts	Amendment Rejected - House(162 - 258)	Nay	
Jan. 15, 2013	HR 152	Disaster Relief Appropriations Act, 2013	Bill Passed - House(241 - 180)	Yea	
April 19, 2011	HB 2230	Relating to the 9/11 Memorial	Bill Passed - Senate(21 - 9)	Nay	
April 19, 2011	SB 1402	Special License Plates	Concurrence Vote Passed - Senate(22 - 8)	Nay	
April 19, 2011	SB 1406	Interstate Compact to Build a Border Fence	Concurrence Vote Passed - Senate(21 - 9)	Nay	
April 18, 2011	SB 1609	Public Workers' Pensions	Concurrence Vote Passed - Senate(21 - 9)	Nay	
Dec. 11, 2013	HR 2019	Kids First Research Act of 2013	Bill Passed - House(295 - 103)	Yea	
Dec. 5, 2013	H Amdt 521	Authorizes Judicial Discretion in Awarding Legal Fees in Patent Lawsuits	Amendment Rejected - House(199 - 213)	Yea	
Dec. 5, 2013	H Amdt 524	Limits Covered Customers to Businesses With Less Than $25 Million in Revenue	Amendment Rejected - House(144 - 266)	Nay	
Dec. 5, 2013	HR 3309	Innovation Act	Bill Passed - House(325 - 91)	Yea	
Dec. 4, 2013	HR 1105	Small Business Capital Access and Job Preservation Act	Bill Passed - House(254 - 159)	Yea	
Nov. 21, 2013	H Amdt 512	Requires Natural Gas Pipeline Applications to Include Certain Information	Amendment Rejected - House(183 - 233)	Yea	
Nov. 21, 2013	H Amdt 513	Removes the Federal Energy Regulatory Commission Permit Issuance Requirement	Amendment Rejected - House(184 - 233)	Yea	
Nov. 21, 2013	H Amdt 515	Prohibits the Natural Gas Pipeline Permitting Reform Act from Taking Effect During the Sequester	Amendment Rejected - House(175 - 243)	Yea	
Nov. 21, 2013	HR 1900	Natural Gas Pipeline Permitting Reform Act	Bill Passed - House(252 - 165)	Yea	
Nov. 20, 2013	H Amdt 498	Specifies That Certain Fees Do Not Limit the Right to Petition	Amendment Rejected - House(199 - 222)	Yea	
Nov. 20, 2013	H Amdt 499	Authorizes the Secretary of the Interior to Require Certain Findings for Categorical Exclusions	Amendment Rejected - House(194 - 228)	Yea	
Nov. 20, 2013	H Amdt 503	Requires a Report on the Effect of Flooding on Oil and Gas Facilities	Amendment Rejected - House(202 - 221)	Yea	
Nov. 20, 2013	H Amdt 504	Appropriates $10 Million to the Commodity Futures Trading Commission	Amendment Rejected - House(195 - 226)	Yea	
Nov. 20, 2013	H Amdt 507	Specifies the Authority of the Secretary of Interior on the Regulation of Methane Emissions	Amendment Rejected - House(190 - 230)	Yea	
Nov. 20, 2013	HR 1965	Federal Lands Jobs and Energy Security Act	Bill Passed - House(228 - 192)	Nay	
Nov. 20, 2013	HR 2728	Protecting States' Rights to Promote American Energy Security Act	Bill Passed - House(235 - 187)	Nay	
Nov. 15, 2013	HR 3350	Keep Your Health Plan Act of 2013	Bill Passed - House(261 - 157)	Yea	
Nov. 14, 2013	HR 2655	Lawsuit Abuse Reduction Act of 2013	Bill Passed - House(228 - 195)	Nay	
Nov. 13, 2013	HR 982	Furthering Asbestos Claim Transparency (FACT) Act of 2013	Bill Passed - House(221 - 199)	Nay	
Oct. 30, 2013	H J Res 99	Disapproval of the President's Exercise of Authority to Suspend the Debt Limit	Joint Resolution Passed - House(222 - 191)	Nay	
Oct. 30, 2013	HR 992	Swaps Regulatory Improvement Act	Bill Passed - House(292 - 122)	Yea	
Oct. 29, 2013	HR 2374	Retail Investor Protection Act	Bill Passed - House(254 - 166)	Yea	
Oct. 28, 2013	HR 3350	Keep Your Health Plan Act of 2013	House	Co-sponsor	
Oct. 16, 2013	HR 2775	Continuing Appropriations Resolution, 2014	Concurrence Vote Passed - House(285 - 144)	Yea	
Oct. 11, 2013	H J Res 76	National Nuclear Security Administration Continuing Appropriations Resolution, 2014	Bill Passed - House(248 - 176)	Yea	
Oct. 10, 2013	H J Res 79	Border Security and Enforcement Continuing Appropriations Resolution, 2014	Joint Resolution Passed - House(249 - 175)	Yea	
Oct. 9, 2013	H J Res 90	Federal Aviation Administration Continuing Appropriations Resolution, 2014	Joint Resolution Passed - House(252 - 172)	Yea	
Oct. 8, 2013	H J Res 84	Head Start Continuing Appropriations Resolution, 2014	Joint Resolution Passed - House(248 - 168)	Yea	
Oct. 7, 2013	H J Res 77	Food and Drug Administration Continuing Appropriations Resolution, 2014	Joint Resolution Passed - House(235 - 162)	Yea	
Oct. 4, 2013	H J Res 75	Special Supplemental Nutrition Program for Women, Infants, and Children Continuing Appropriations Resolution, 2014	Joint Resolution Passed - House(244 - 164)	Yea	
Oct. 4, 2013	H J Res 85	Federal Emergency Management Agency Continuing Appropriations Resolution, 2014	Joint Resolution Passed - House(247 - 164)	Yea	
Oct. 3, 2013	HR 3230	Pay Our Guard and Reserve Act	Bill Passed - House(265 - 160)	Yea	
Oct. 1, 2013	H J Res 70	National Park Service Operations, Smithsonian Institution, National Gallery of Art, and United States Holocaust Memorial Museum Continuing Appropriations Resolution, 2014	Joint Resolution Failed - House(252 - 176)	Yea	
Oct. 1, 2013	H J Res 71	District of Columbia Continuing Appropriations Resolution, 2014	Joint Resolution Failed - House(265 - 163)	Yea	
Oct. 1, 2013	H J Res 72	Veterans Benefits Continuing Appropriations Resolution, 2014	Joint Resolution Failed - House(264 - 164)	Yea	
Sept. 30, 2013	H J Res 59	Continuing Appropriations Resolution, 2014	Concurrence Vote Passed - House(228 - 201)	Yea	
Sept. 29, 2013	H J Res 59	Continuing Appropriations Resolution, 2014	Concurrence Vote Passed - House(248 - 174)	Yea	
Sept. 20, 2013	H J Res 59	Continuing Appropriations Resolution, 2014	Joint Resolution Passed - House(230 - 189)	Nay	
Sept. 20, 2013	HR 1526	Restoring Healthy Forests for Healthy Communities Act	Bill Passed - House(244 - 173)	Yea	
Sept. 18, 2013	H Amdt 463	Amends the Definition of "Strategic and Critical Minerals"	Amendment Rejected - House(187 - 241)	Yea	
Sept. 18, 2013	H Amdt 466	Requires Mine Operators to Include the Cost of Cleanup in Financial Insurance	Amendment Rejected - House(191 - 235)	Yea	
Sept. 18, 2013	HR 761	National Strategic and Critical Minerals Production Act of 2013	Bill Passed - House(246 - 178)	Nay	
Sept. 12, 2013	HR 2775	No Subsidies Without Verification Act	Bill Passed - House(235 - 191)	Nay	
Aug. 2, 2013	H Amdt 448	Requires Congressional Approval Prior to Establishing a Tax on Carbon Emissions	Amendment Adopted - House(237 - 176)	Yea	
Aug. 2, 2013	H Amdt 450	Requires Congressional Approval for Any Rules Under the Patient Protection and Affordable Care Act	Amendment Adopted - House(227 - 185)	Nay	
Aug. 2, 2013	HR 2009	Keep the IRS Off Your Health Care Act of 2013	Bill Passed - House(232 - 185)	Nay	
Aug. 2, 2013	HR 367	Regulations From the Executive in Need of Scrutiny Act of 2013	Bill Passed - House(232 - 183)	Nay	
Aug. 1, 2013	HR 1582	Energy Consumers Relief Act of 2013	Bill Passed - House(232 - 181)	Nay	
Aug. 1, 2013	HR 2879	Stop Government Abuse Act	Bill Passed - House(239 - 176)	Yea	
July 25, 2013	HR 2218	Coal Residuals Reuse and Management Act of 2013	Bill Passed - House(265 - 155)	Nay	
Feb. 24, 2010	HB 2042	Prohibiting Roadside Solicitation of Employment	Bill Passed - House(35 - 23)	Nay	
Feb. 24, 2010	HB 2307	Federal Arms Regulation Exemption	Bill Passed - House(35 - 23)	Nay	
Feb. 9, 2010	SB 1003	Lottery Revenue Bond Authorization and State Building Lease-Purchase Agreements	Bill Passed - House(31 - 27)	Yea	
Feb. 8, 2010	SB 1004	Renewal of the Lottery	Bill Passed - House(40 - 17)	Yea	
Feb. 4, 2010	SCR 1001	Temporary Sales Tax Increase	Joint Resolution Passed - House(34 - 25)	Nay	
Jan. 28, 2010	HB 2250	Tax Law Amendments	Bill Passed - House(34 - 25)	Nay	
Aug. 18, 2009	SB 1025	Tax Law Amendments (Budget Reconciliation)	Bill Passed - House(32 - 15)	Nay	
July 31, 2009	HB 2010	Budget Reconciliation (Criminal Justice)	Bill Passed - House(31 - 15)	Nay	
July 31, 2009	HB 2013	Budget Reconciliation (Health and Welfare)	Bill Passed - House(35 - 11)	Nay	
June 29, 2009	SB 1175	Prohibiting Non-Physicians from Performing Abortions	Bill Passed - House(35 - 19)	Did Not Vote	
June 18, 2009	HCR 2019	Ends Affirmative Action	Amendment Adopted - House(32 - 18)	Did Not Vote	
May 27, 2009	HB 2001	Scholarships for Disabled or Displaced Students	Bill Passed - House(35 - 25)	Nay	
May 13, 2009	HB 2028	2008-2009 Budget Amendments	Bill Passed - House(33 - 25)	Nay	
March 11, 2009	HB 2400	Specifying Partial-Birth/Late-Term Abortion Penalty	Bill Passed - House(37 - 19)	Did Not Vote	
March 11, 2009	HB 2564	Abortion Law Amendments	Bill Passed - House(36 - 19)	Did Not Vote	
Jan. 31, 2009	SB 1001	2008-2009 Budget Amendments	Bill Passed - House(34 - 22)	Nay	
June 27, 2008	HB 2389	Involving Gun Owners' Rights	Conference Report Adopted - House(33 - 21)	Nay	
June 27, 2008	HCR 2024	Election of Superior Court Judges	Resolution Failed - House(24 - 32)	Nay	
June 27, 2008	SB 1084	Baseball Stadium Tax	Bill Passed - House(35 - 18)	Yea	
June 26, 2008	HB 2209	2008-2009 Budget	Concurrence Vote Passed - House(31 - 29)	Yea	
June 25, 2008	HB 2156	Reviews for Potential Railroad Sites	Concurrence Vote Passed - House(40 - 12)	Yea	
June 18, 2008	SB 1048	Prohibiting Partial-Birth/Late-Term Abortion	Conference Report Adopted - House(19 - 7)	Did Not Vote	
May 21, 2008	HB 2629	Legalizing the Defensive Display of a Firearm	Concurrence Vote Passed - House(34 - 26)	Nay	
May 19, 2008	SB 1476	Reducing Probation for Good Behavior	Bill Passed - House(35 - 18)	Yea	
May 14, 2008	HB 2557	Fine Arts and Physical Education in School	Concurrence Vote Passed - House(47 - 9)	Yea	
May 13, 2008	HB 2807	Local Enforcement of Immigration Laws	Veto Override Failed - House(30 - 25)	Nay	
May 12, 2008	HB 2017	Legislative Approval for Regulating Greenhouse Gas Emissions	Concurrence Vote Passed - House(36 - 22)	Nay	
May 12, 2008	SCR 1042	Parameters of Marriage	Resolution Passed - House(33 - 25)	Nay	
April 30, 2008	SB 1450	Theme Park Funding	Bill Passed - House(39 - 17)	Yea	
April 24, 2008	HB 2395	Driving and Boating Under the Influence	Concurrence Vote Passed - House(35 - 15)	Did Not Vote	
April 24, 2008	HB 2711	State Control of Mismanaged Schools	Concurrence Vote Passed - House(44 - 6)	Did Not Vote	
April 22, 2008	SB 1048	Prohibiting Partial-Birth/Late-Term Abortion	Bill Passed - House(31 - 24)	Nay	
April 9, 2008	SB 1096	English Language Education Funding	Bill Passed - House(37 - 23)	Nay	
April 3, 2008	SB 1167	Off-Highway Vehicle Regulations	Bill Passed - House(42 - 13)	Yea	
April 2, 2008	HB 2700	9/11 Memorial Modifications	Bill Passed - House(32 - 26)	Nay	
April 1, 2008	HB 2392	Opting Out of No Child Left Behind Act 	Bill Passed - House(46 - 11)	Yea	
April 1, 2008	HB 2745	Amending Undocumented Immigrant Employment Sanctions	Bill Passed - House(41 - 16)	Nay	
March 27, 2008	HB 2788	Relaxing Concealed Weapon Restrictions	Bill Passed - House(51 - 5)	Yea	
March 24, 2008	HB 2713	Student's Religious Liberties Act	Bill Passed - House(36 - 23)	Nay	
March 19, 2008	HB 2230	College Textbook Information Disclosure	Bill Passed - House(48 - 11)	Yea	
March 19, 2008	HB 2454	Child Protective Services Information Disclosure	Bill Passed - House(47 - 12)	Yea	
March 19, 2008	HB 2677	Real ID 	Bill Passed - House(51 - 8)	Yea	
March 18, 2008	HB 2427	Pinal County Emissions Testing	Bill Failed - House(22 - 37)	Yea	
March 12, 2008	HB 2711	State Control of Mismanaged Schools	Bill Passed - House(52 - 7)	Nay	
March 11, 2008	HB 2220	State Equalization Property Tax Repeal	Bill Passed - House(32 - 28)	Nay	
March 11, 2008	HB 2389	Involving Gun Owners' Rights	Bill Passed - House(37 - 22)	Nay	
March 10, 2008	HB 2573	Off-Highway Vehicle Regulations	Bill Passed - House(43 - 13)	Yea	
March 6, 2008	HB 2857	State Spending Freeze	Bill Passed - House(33 - 24)	Did Not Vote	
March 4, 2008	HB 2263	Maturity Requirement for Underage Abortions	Bill Passed - House(32 - 27)	Nay	
March 4, 2008	HB 2630	Illegally Concealed Weapon Penalty Reduction	Bill Passed - House(36 - 24)	Nay	
April 13, 2011	HB 2177	Requiring Proof of Citizenship for Presidential Candidates	Bill Passed - Senate(20 - 9)	Nay	
April 13, 2011	HB 2415	Punishment Guidelines for Bullying in Schools	Bill Passed - Senate(22 - 8)	Yea	
April 6, 2011	HB 2191	Punitive Damage Awards	Bill Passed - Senate(21 - 8)	Did Not Vote	
April 5, 2011	HB 2619	Unemployment Security Special Assessment	Bill Passed - Senate(20 - 8)	Yea	
April 1, 2011	SB 1617	K-12 Education Budget for 2011-2012	Concurrence Vote Passed - Senate(21 - 8)	Nay	
April 1, 2011	SB 1618	2011-2012 Budget Reconciliation for Higher Education	Concurrence Vote Passed - Senate(21 - 8)	Nay	
April 1, 2011	SB 1619	Provisions to Health and Health Care for 2011-2012 Budget	Concurrence Vote Passed - Senate(21 - 8)	Nay	
March 21, 2011	HB 2443	Prohibits Abortion Based on Race or Gender	Bill Passed - Senate(21 - 5)	Nay	
March 17, 2011	SB 1308	Separate Birth Certificates for Non-Citizens	Bill Failed - Senate(12 - 18)	Nay	
March 17, 2011	SB 1309	Defines Arizona Citizenship	Bill Failed - Senate(11 - 19)	Nay	
March 17, 2011	SB 1405	Hospital Admissions and Restrictions	Bill Failed - Senate(12 - 18)	Nay	
March 17, 2011	SB 1611	Requires Verification of Citizenship for Certain Benefits	Bill Failed - Senate(11 - 19)	Nay	
March 16, 2011	SB 1613	Budget Proposal	Bill Passed - Senate(21 - 9)	Nay	
March 15, 2011	SB 1538	Cell Phone Usage While Driving	Bill Passed - Senate(18 - 12)	Yea	
March 15, 2011	SCR 1035	English as the Official Language	Resolution Passed - Senate(21 - 9)	Nay	
March 14, 2011	SB 1322	Competition for City Services	Bill Passed - Senate(18 - 10)	Did Not Vote	
March 14, 2011	SB 1345	Limits Number and Compensation of Municipal Employees	Bill Failed - Senate(12 - 16)	Did Not Vote	
March 14, 2011	SB 1467	Concealed Weapons on College Campuses	Bill Passed - Senate(21 - 7)	Did Not Vote	
March 10, 2011	SCR 1016	Constitutional Convention on Federal Debt	Resolution Failed - Senate(13 - 17)	Nay	
March 10, 2011	SCR 1019	State Appropriations	Resolution Passed - Senate(21 - 9)	Nay	
March 8, 2011	SB 1188	Preference for Married Couples in Adoption	Bill Passed - Senate(20 - 10)	Nay	
March 8, 2011	SB 1363	Labor Organization Requirements	Bill Passed - Senate(21 - 9)	Nay	
March 8, 2011	SB 1402	Special License Plates	Bill Passed - Senate(21 - 9)	Nay	
March 8, 2011	SB 1495	Establishment of an Arizona State Guard	Bill Passed - Senate(21 - 9)	Nay	
March 8, 2011	SB 1610	Official State Gun	Bill Passed - Senate(18 - 12)	Nay	
March 3, 2011	SB 1201	Firearms Omnibus	Bill Passed - Senate(21 - 8)	Nay	
March 2, 2011	SB 1231	State Spending Cap	Bill Passed - Senate(21 - 9)	Nay	
March 2, 2011	SB 1433	Nullification of Federal Law	Bill Failed - Senate(12 - 18)	Nay	
March 1, 2011	SB 1394	Regulation of Greenhouse Substances and Freedom to Breathe	Bill Passed - Senate(21 - 8)	Nay	
Feb. 28, 2011	SB 1388	Regulation of Firework Sales	Bill Failed - Senate(12 - 17)	Yea	
Feb. 28, 2011	SB 1406	Interstate Compact to Build a Border Fence	Bill Passed - Senate(20 - 9)	Nay	
Feb. 22, 2011	SCR 1020	Victim Liability Protection	Joint Resolution Passed - Senate(21 - 9)	Nay	
Feb. 17, 2011	SB 1187	Extends Waiting Period for Divorce	Bill Passed - Senate(18 - 11)	Nay	
Feb. 16, 2011	HB 2001	Tax Reductions for Businesses	Bill Passed - Senate(18 - 11)	Did Not Vote	
Feb. 10, 2011	SB 1086	Tobacco Prohibitions	Bill Failed - Senate(13 - 16)	Nay	
Jan. 26, 2011	HB 2534	Annexation of Land by Cities and Towns	Bill Passed - Senate(16 - 10)	Nay	
April 29, 2010	HB 2281	Ethnic Studies Ban	Concurrence Vote Passed - House(32 - 26)	Nay	
April 28, 2010	SB 1307	Treatment of Human Embryos	Bill Passed - House(35 - 24)	Nay	
April 27, 2010	HB 2338	Yellow Light Standardization	Concurrence Vote Passed - House(36 - 21)	Nay	
April 26, 2010	HB 2246	Fireworks Deregulation	Concurrence Vote Passed - House(44 - 13)	Yea	
April 21, 2010	SCR 1013	Replacing Secretary of State with Lieutenant Governor	Bill Passed - House(51 - 9)	Yea	
April 19, 2010	Burges Amdt	Verification of Presidential Candidate's Birth Certificate	Motion Rejected - House(22 - 31)	Yea	
April 13, 2010	SB 1070	Expanding Undocumented Immigration Enforcement	Bill Passed - House(35 - 21)	Nay	
April 8, 2010	HB 2650	Authorizing Extension of Divorce Waiting Period	Bill Failed - House(27 - 28)	Nay	
March 31, 2010	SB 1001	Authorizing Governor to Challenge Federal Individual Health Care Mandate	Bill Passed - House(34 - 24)	Nay	
March 30, 2010	HCR 2038	Limiting Governor's Line Item Veto Authority	Joint Resolution Passed - House(34 - 24)	Nay	
March 18, 2010	HB 2736	Cactus League Ticket Surcharge for Stadium Costs	Bill Passed - House(35 - 19)	Nay	
March 17, 2010	HB 2297	Authorizing Land Annexation	Bill Passed - House(31 - 26)	Nay	
March 11, 2010	HCR 2001	Repealing Early Childhood Development and Health Program	Joint Resolution Passed - House(31 - 28)	Nay	
March 3, 2010	HB 2337	Incandescent Light Bulb Regulation Amendments	Bill Passed - House(33 - 27)	Nay	
March 3, 2008	HB 2359	County Sheriff and Border Patrol Collaboration	Bill Passed - House(33 - 27)	Nay	
March 3, 2008	HB 2485	Public Sale of Animals	Bill Passed - House(50 - 9)	Yea	
March 3, 2008	HB 2769	Increasing Partial-Birth/Late-Term Abortion Penalties	Bill Passed - House(34 - 25)	Nay	
Feb. 20, 2008	HB 2043	State Government Hiring Freeze	Bill Passed - House(40 - 15)	Did Not Vote	
Feb. 11, 2008	HB 2788	Relaxing Concealed Weapon Restrictions	House	Co-sponsor	
Feb. 4, 2008	HB 2677	Real ID 	House	Sponsor	
Jan. 28, 2008	HB 2392	Opting Out of No Child Left Behind Act 	House	Co-sponsor	
June 20, 2007	HB 2779	Employment of Undocumented Immigrants	Conference Report Adopted - House(47 - 11)	Nay	
June 20, 2007	SB 1552	Air Pollution Control	Conference Report Adopted - House(47 - 8)	Yea	
June 19, 2007	HB 2781	2007-2009 Biennium Budget	Concurrence Vote Passed - House(38 - 21)	Yea	
June 4, 2007	SB 1251	Secure Storage of Guns at Public Establishments	Bill Passed - House(32 - 23)	Nay	
May 22, 2007	HB 2781	2007-2009 Biennium Budget	Bill Passed - House(31 - 29)	Nay	
May 10, 2007	SB 1032	Emergency Room Malpractice 	Bill Failed - House(26 - 29)	Nay	
April 23, 2007	SB 1132	Volunteer Homeland Security Force	Bill Passed - House(34 - 21)	Did Not Vote	
April 9, 2007	SB 1552	Air Pollution Control	Bill Passed - House(35 - 21)	Yea	
April 5, 2007	HB 2467	Proof of Residency for Business Licensing	Bill Passed - House(31 - 22)	Nay	
March 15, 2007	HB 2779	Employment of Undocumented Immigrants	Bill Passed - House(46 - 13)	Nay	
March 8, 2007	HB 2589	Labor Solicitation and Criminal Trespass	Bill Passed - House(35 - 23)	Nay	
March 8, 2007	HB 2641	Maturity Requirement for Underage Abortions	Bill Passed - House(34 - 21)	Nay	
Feb. 26, 2007	SB 1302	Use of Force in Self-Defense	Bill Passed - House(42 - 17)	Yea	
Feb. 19, 2007	HB 2090	Early Ballot Verification Notice	Bill Failed - House(24 - 31)	Nay	
June 21, 2006	SB 1430	Children, Child Protective Services	Bill Failed - House(29 - 27)	Nay	
May 25, 2006	HB 2577	Immigration Law; Employment; Enforcement	Conference Report Adopted - House(33 - 22)	Nay	
May 25, 2006	HB 2876	Tax Law Amendments	Bill Passed - House(32 - 23)	Nay	
April 20, 2006	SB 1477	Psychotropic drugs; Testing; Informed Consent	Bill Passed - House(34 - 23)	Nay	
April 18, 2006	SB 1356	Air Pollutant Regulation	Bill Passed - House(31 - 26)	Nay	
April 17, 2006	SB 1099	Campaign Finance Reports; Disclosure; Exemption	Bill Failed - House(29 - 26)	Nay	
April 17, 2006	SB 1477	Psychotropic drugs; Testing; Informed Consent	Bill Failed - House(25 - 30)	Nay	
April 12, 2006	HB 2074	Concealed Weapons; Training Requirement; Renewal	Concurrence Vote Passed - House(38 - 19)	Nay	
April 12, 2006	HB 2142	Human Eggs; Sale; Prohibition	Concurrence Vote Passed - House(38 - 21)	Nay	
April 12, 2006	HB 2666	Notarized Parental Consent for Abortions	Concurrence Vote Passed - House(39 - 20)	Nay	
April 11, 2006	SB 1444	Sentencing; Third Felony Offenses	Bill Passed - House(38 - 20)	Nay	
April 6, 2006	SB 1273	 Border Radar Lease Appropriation	Bill Passed - House(38 - 19)	Nay	
April 6, 2006	SB 1325	Public Funds; Abortion; Prohibition	Bill Passed - House(33 - 24)	Nay	
April 6, 2006	SB 1425	Prohibition on Confiscation of Firearms During an Emergency	Bill Passed - House(45 - 12)	Nay	
March 16, 2006	HB 2649	Firearms; Possession; Storage	Bill Passed - House(32 - 23)	Nay	
March 9, 2006	HB 2577	Immigration Policy; Forgery; Employment; Licensing	Bill Passed - House(35 - 20)	Nay	
March 9, 2006	HB 2696	Adoption Preference for Married Couples	Bill Passed - House(32 - 25)	Nay	
March 9, 2006	HB 2701	National Guard Mobilization; Border; Appropriation	Concurrence Vote Passed - House(39 - 21)	Nay	
March 1, 2006	HB 2142	Human Eggs; Sale; Prohibition	Bill Passed - House(33 - 22)	Did Not Vote	
Feb. 27, 2006	HB 2064	English Language Learners	Conference Report Adopted - House(31 - 27)	Nay	
Feb. 13, 2006	HB 2254	Requiring Doctors to Inform Women of Fetal Pain	Bill Passed - House(36 - 21)	Nay	
Feb. 7, 2006	HB 2074	Concealed Weapons; Training Requirement; Renewal	Bill Passed - House(33 - 24)	Nay	
Jan. 25, 2006	HB 2661	State Employees; Pay Increase	Bill Passed - House(42 - 15)	Nay	
Jan. 24, 2006	HB 2002	English Language Learners; Structured English Immersion Models; Budget Requests	Bill Passed - House(33 - 23)	Nay	
March 3, 2008	HB 2359	County Sheriff and Border Patrol Collaboration	Bill Passed - House(33 - 27)	Nay	
March 3, 2008	HB 2485	Public Sale of Animals	Bill Passed - House(50 - 9)	Yea	
March 3, 2008	HB 2769	Increasing Partial-Birth/Late-Term Abortion Penalties	Bill Passed - House(34 - 25)	Nay	
Feb. 20, 2008	HB 2043	State Government Hiring Freeze	Bill Passed - House(40 - 15)	Did Not Vote	
Feb. 11, 2008	HB 2788	Relaxing Concealed Weapon Restrictions	House	Co-sponsor	
Feb. 4, 2008	HB 2677	Real ID 	House	Sponsor	
Jan. 28, 2008	HB 2392	Opting Out of No Child Left Behind Act 	House	Co-sponsor	
June 20, 2007	HB 2779	Employment of Undocumented Immigrants	Conference Report Adopted - House(47 - 11)	Nay	
June 20, 2007	SB 1552	Air Pollution Control	Conference Report Adopted - House(47 - 8)	Yea	
June 19, 2007	HB 2781	2007-2009 Biennium Budget	Concurrence Vote Passed - House(38 - 21)	Yea	
June 4, 2007	SB 1251	Secure Storage of Guns at Public Establishments	Bill Passed - House(32 - 23)	Nay	
May 22, 2007	HB 2781	2007-2009 Biennium Budget	Bill Passed - House(31 - 29)	Nay	
May 10, 2007	SB 1032	Emergency Room Malpractice 	Bill Failed - House(26 - 29)	Nay	
April 23, 2007	SB 1132	Volunteer Homeland Security Force	Bill Passed - House(34 - 21)	Did Not Vote	
April 9, 2007	SB 1552	Air Pollution Control	Bill Passed - House(35 - 21)	Yea	
April 5, 2007	HB 2467	Proof of Residency for Business Licensing	Bill Passed - House(31 - 22)	Nay	
March 15, 2007	HB 2779	Employment of Undocumented Immigrants	Bill Passed - House(46 - 13)	Nay	
March 8, 2007	HB 2589	Labor Solicitation and Criminal Trespass	Bill Passed - House(35 - 23)	Nay	
March 8, 2007	HB 2641	Maturity Requirement for Underage Abortions	Bill Passed - House(34 - 21)	Nay	
Feb. 26, 2007	SB 1302	Use of Force in Self-Defense	Bill Passed - House(42 - 17)	Yea	
Feb. 19, 2007	HB 2090	Early Ballot Verification Notice	Bill Failed - House(24 - 31)	Nay	
June 21, 2006	SB 1430	Children, Child Protective Services	Bill Failed - House(29 - 27)	Nay	
May 25, 2006	HB 2577	Immigration Law; Employment; Enforcement	Conference Report Adopted - House(33 - 22)	Nay	
May 25, 2006	HB 2876	Tax Law Amendments	Bill Passed - House(32 - 23)	Nay	
April 20, 2006	SB 1477	Psychotropic drugs; Testing; Informed Consent	Bill Passed - House(34 - 23)	Nay	
April 18, 2006	SB 1356	Air Pollutant Regulation	Bill Passed - House(31 - 26)	Nay	
April 17, 2006	SB 1099	Campaign Finance Reports; Disclosure; Exemption	Bill Failed - House(29 - 26)	Nay	
April 17, 2006	SB 1477	Psychotropic drugs; Testing; Informed Consent	Bill Failed - House(25 - 30)	Nay	
April 12, 2006	HB 2074	Concealed Weapons; Training Requirement; Renewal	Concurrence Vote Passed - House(38 - 19)	Nay	
April 12, 2006	HB 2142	Human Eggs; Sale; Prohibition	Concurrence Vote Passed - House(38 - 21)	Nay	
April 12, 2006	HB 2666	Notarized Parental Consent for Abortions	Concurrence Vote Passed - House(39 - 20)	Nay	
April 11, 2006	SB 1444	Sentencing; Third Felony Offenses	Bill Passed - House(38 - 20)	Nay	
April 6, 2006	SB 1273	 Border Radar Lease Appropriation	Bill Passed - House(38 - 19)	Nay	
April 6, 2006	SB 1325	Public Funds; Abortion; Prohibition	Bill Passed - House(33 - 24)	Nay	
April 6, 2006	SB 1425	Prohibition on Confiscation of Firearms During an Emergency	Bill Passed - House(45 - 12)	Nay	
March 16, 2006	HB 2649	Firearms; Possession; Storage	Bill Passed - House(32 - 23)	Nay	
March 9, 2006	HB 2577	Immigration Policy; Forgery; Employment; Licensing	Bill Passed - House(35 - 20)	Nay	
March 9, 2006	HB 2696	Adoption Preference for Married Couples	Bill Passed - House(32 - 25)	Nay	
March 9, 2006	HB 2701	National Guard Mobilization; Border; Appropriation	Concurrence Vote Passed - House(39 - 21)	Nay	
March 1, 2006	HB 2142	Human Eggs; Sale; Prohibition	Bill Passed - House(33 - 22)	Did Not Vote	
Feb. 27, 2006	HB 2064	English Language Learners	Conference Report Adopted - House(31 - 27)	Nay	
Feb. 13, 2006	HB 2254	Requiring Doctors to Inform Women of Fetal Pain	Bill Passed - House(36 - 21)	Nay	
Feb. 7, 2006	HB 2074	Concealed Weapons; Training Requirement; Renewal	Bill Passed - House(33 - 24)	Nay	
Jan. 25, 2006	HB 2661	State Employees; Pay Increase	Bill Passed - House(42 - 15)	Nay	
Jan. 24, 2006	HB 2002	English Language Learners; Structured English Immersion Models; Budget Requests	Bill Passed - House(33 - 23)	Nay	
March 3, 2008	HB 2359	County Sheriff and Border Patrol Collaboration	Bill Passed - House(33 - 27)	Nay	
March 3, 2008	HB 2485	Public Sale of Animals	Bill Passed - House(50 - 9)	Yea	
March 3, 2008	HB 2769	Increasing Partial-Birth/Late-Term Abortion Penalties	Bill Passed - House(34 - 25)	Nay	
Feb. 20, 2008	HB 2043	State Government Hiring Freeze	Bill Passed - House(40 - 15)	Did Not Vote	
Feb. 11, 2008	HB 2788	Relaxing Concealed Weapon Restrictions	House	Co-sponsor	
Feb. 4, 2008	HB 2677	Real ID 	House	Sponsor	
Jan. 28, 2008	HB 2392	Opting Out of No Child Left Behind Act 	House	Co-sponsor	
June 20, 2007	HB 2779	Employment of Undocumented Immigrants	Conference Report Adopted - House(47 - 11)	Nay	
June 20, 2007	SB 1552	Air Pollution Control	Conference Report Adopted - House(47 - 8)	Yea	
June 19, 2007	HB 2781	2007-2009 Biennium Budget	Concurrence Vote Passed - House(38 - 21)	Yea	
June 4, 2007	SB 1251	Secure Storage of Guns at Public Establishments	Bill Passed - House(32 - 23)	Nay	
May 22, 2007	HB 2781	2007-2009 Biennium Budget	Bill Passed - House(31 - 29)	Nay	
May 10, 2007	SB 1032	Emergency Room Malpractice 	Bill Failed - House(26 - 29)	Nay	
April 23, 2007	SB 1132	Volunteer Homeland Security Force	Bill Passed - House(34 - 21)	Did Not Vote	
April 9, 2007	SB 1552	Air Pollution Control	Bill Passed - House(35 - 21)	Yea	
April 5, 2007	HB 2467	Proof of Residency for Business Licensing	Bill Passed - House(31 - 22)	Nay	
March 15, 2007	HB 2779	Employment of Undocumented Immigrants	Bill Passed - House(46 - 13)	Nay	
March 8, 2007	HB 2589	Labor Solicitation and Criminal Trespass	Bill Passed - House(35 - 23)	Nay	
March 8, 2007	HB 2641	Maturity Requirement for Underage Abortions	Bill Passed - House(34 - 21)	Nay	
Feb. 26, 2007	SB 1302	Use of Force in Self-Defense	Bill Passed - House(42 - 17)	Yea	
Feb. 19, 2007	HB 2090	Early Ballot Verification Notice	Bill Failed - House(24 - 31)	Nay	
June 21, 2006	SB 1430	Children, Child Protective Services	Bill Failed - House(29 - 27)	Nay	
May 25, 2006	HB 2577	Immigration Law; Employment; Enforcement	Conference Report Adopted - House(33 - 22)	Nay	
May 25, 2006	HB 2876	Tax Law Amendments	Bill Passed - House(32 - 23)	Nay	
April 20, 2006	SB 1477	Psychotropic drugs; Testing; Informed Consent	Bill Passed - House(34 - 23)	Nay	
April 18, 2006	SB 1356	Air Pollutant Regulation	Bill Passed - House(31 - 26)	Nay	
April 17, 2006	SB 1099	Campaign Finance Reports; Disclosure; Exemption	Bill Failed - House(29 - 26)	Nay	
April 17, 2006	SB 1477	Psychotropic drugs; Testing; Informed Consent	Bill Failed - House(25 - 30)	Nay	
April 12, 2006	HB 2074	Concealed Weapons; Training Requirement; Renewal	Concurrence Vote Passed - House(38 - 19)	Nay	
April 12, 2006	HB 2142	Human Eggs; Sale; Prohibition	Concurrence Vote Passed - House(38 - 21)	Nay	
April 12, 2006	HB 2666	Notarized Parental Consent for Abortions	Concurrence Vote Passed - House(39 - 20)	Nay	
April 11, 2006	SB 1444	Sentencing; Third Felony Offenses	Bill Passed - House(38 - 20)	Nay	
April 6, 2006	SB 1273	 Border Radar Lease Appropriation	Bill Passed - House(38 - 19)	Nay	
April 6, 2006	SB 1325	Public Funds; Abortion; Prohibition	Bill Passed - House(33 - 24)	Nay	
April 6, 2006	SB 1425	Prohibition on Confiscation of Firearms During an Emergency	Bill Passed - House(45 - 12)	Nay	
March 16, 2006	HB 2649	Firearms; Possession; Storage	Bill Passed - House(32 - 23)	Nay	
March 9, 2006	HB 2577	Immigration Policy; Forgery; Employment; Licensing	Bill Passed - House(35 - 20)	Nay	
March 9, 2006	HB 2696	Adoption Preference for Married Couples	Bill Passed - House(32 - 25)	Nay	
March 9, 2006	HB 2701	National Guard Mobilization; Border; Appropriation	Concurrence Vote Passed - House(39 - 21)	Nay	
March 1, 2006	HB 2142	Human Eggs; Sale; Prohibition	Bill Passed - House(33 - 22)	Did Not Vote	
Feb. 27, 2006	HB 2064	English Language Learners	Conference Report Adopted - House(31 - 27)	Nay	
Feb. 13, 2006	HB 2254	Requiring Doctors to Inform Women of Fetal Pain	Bill Passed - House(36 - 21)	Nay	
Feb. 7, 2006	HB 2074	Concealed Weapons; Training Requirement; Renewal	Bill Passed - House(33 - 24)	Nay	
Jan. 25, 2006	HB 2661	State Employees; Pay Increase	Bill Passed - House(42 - 15)	Nay	
Jan. 24, 2006	HB 2002	English Language Learners; Structured English Immersion Models; Budget Requests	Bill Passed - House(33 - 23)	Nay	
