March 3, 2015	HR 240	Department of Homeland Security Appropriations Act of 2015	Concurrence Vote Passed - House(257 - 167)	Did Not Vote	
Feb. 27, 2015	S J Res 35	Making Further Continuing Appropriations for Fiscal Year 2015	Bill Failed - House(203 - 224)	Nay	
Feb. 13, 2015	HR 636	America's Small Business Tax Relief Act of 2015	Bill Passed - House(272 - 142)	Nay	
Feb. 12, 2015	HR 644	America Gives More Act of 2015	Bill Passed - House(279 - 137)	Nay	
Feb. 11, 2015	S 1	A Bill to Approve the Keystone XL Pipeline	Bill Passed - House(270 - 152)	Nay	
Feb. 5, 2015	HR 527	Small Business Regulatory Flexibility Improvements Act of 2015	Bill Passed - House(260 - 163)	Nay	
Feb. 4, 2015	HR 50	Unfunded Mandates Information and Transparency Act of 2015	Bill Passed - House(250 - 173)	Nay	
Feb. 3, 2015	HR 596	Repeal of the Patient Protection and Affordable Care Act and Health Care-Related Provisions in the Health Care and Education Reconciliation Act of 2010	Bill Passed - House(239 - 186)	Nay	
Jan. 22, 2015	HR 7	No Taxpayer Funding for Abortion and Abortion Insurance Full Disclosure Act of 2015	Bill Passed - House(242 - 179)	Nay	
Jan. 21, 2015	HR 161	Natural Gas Pipeline Permitting Reform Act	Bill Passed - House(253 - 169)	Nay	
Jan. 14, 2015	HR 240	Department of Homeland Security Appropriations Act of 2015	Bill Passed - House(236 - 191)	Nay	
Jan. 14, 2015	HR 37	Promoting Job Creation and Reducing Small Business Burdens Act	Bill Passed - House(271 - 154)	Nay	
Jan. 13, 2015	HR 185	Regulatory Accountability Act of 2015	Bill Passed - House(250 - 175)	Nay	
Jan. 9, 2015	HR 3	Keystone XL Pipeline Act	Bill Passed - House(266 - 153)	Nay	
Jan. 8, 2015	HR 30	Save American Workers Act of 2015	Bill Passed - House(252 - 172)	Nay	
Dec. 4, 2014	HR 5759	Preventing Executive Overreach on Immigration Act of 2014	Bill Passed - House(219 - 197)	Nay	
Nov. 19, 2014	HR 4012	Secret Science Reform Act of 2014	Bill Passed - House(237 - 190)	Nay	
Nov. 18, 2014	HR 1422	EPA Science Advisory Board Reform Act of 2013	Bill Passed - House(229 - 191)	Nay	
Nov. 14, 2014	HR 5682	To Approve the Keystone XL Pipeline	Bill Passed - House(252 - 161)	Nay	
Sept. 17, 2014	H Amdt 1141	Authorizes Aid to Syrian Opposition	Amendment Adopted - House(273 - 156)	Yea	
Sept. 17, 2014	H J Res 124	Continuing Appropriations Resolution, 2015	Joint Resolution Passed - House(319 - 108)	Yea	
Sept. 11, 2014	HR 3522	Employee Health Care Protection Act of 2013	Bill Passed - House(247 - 167)	Nay	
Sept. 9, 2014	HR 5078	Waters of the United States Regulatory Overreach Protection Act of 2014	Bill Passed - House(262 - 152)	Nay	
Sept. 9, 2014	H Res 644	Condemning and Disapproving of the Failure of the Obama Administration to Comply with the Lawful Statutory Requirement to Notify Congress before Transferring Individuals Detained at United States Naval Station, Guantanamo Bay, Cuba, and Expressing Concern About the National Security Risks Over the Transfer of Five Taliban Leaders and the Repercussions of Negotiating with Terrorists	Resolution Passed - House(249 - 163)	Nay	
Aug. 1, 2014	HR 5230	Making Supplemental Appropriations for the Fiscal Year Ending September 30, 2014, and for Other Purposes	Bill Passed - House(223 - 189)	Nay	
Aug. 1, 2014	HR 5272	To Prohibit Certain Actions with Respect to Deferred Action for Aliens Not Lawfully Present in the United States, and for Other Purposes	Bill Passed - House(216 - 192)	Nay	
July 30, 2014	H Res 676	Providing for Authority to Initiate Litigation for Actions by the President or Other Executive Branch Officials Inconsistent with Their Duties Under the Constitution of the United States	Resolution Passed - House(225 - 201)	Nay	
July 16, 2014	H Amdt 1079	Prohibits the Internal Revenue Service (IRS) from Providing Bonuses to Employees	Amendment Adopted - House(282 - 138)	Nay	
July 16, 2014	H Amdt 1083	Prohibits Federal Agencies from Paying Federal Employees Certain Pay Rates	Amendment Rejected - House(193 - 230)	Yea	
July 16, 2014	H Amdt 1086	Prohibits States from Penalizing a Bank for Providing Financial Services to Marijuana Businesses	Amendment Adopted - House(231 - 192)	Yea	
July 16, 2014	H Amdt 1093	Prohibits Federal Communications Commission (FCC) from Preventing States from Implementing Broadband Internet Access Service Laws	Amendment Adopted - House(223 - 200)	Did Not Vote	
July 16, 2014	H Amdt 1098	Prohibits District of Columbia from Implementing Certain Firearm Laws	Amendment Adopted - House(241 - 181)	Nay	
July 16, 2014	HR 5016	Financial Services and General Government Appropriations Act, 2015	Bill Passed - House(228 - 195)	Nay	
July 15, 2014	HR 5021	Highway and Transportation Funding Act of 2014Â 	Bill Passed - House(367 - 55)	Yea	
July 10, 2014	H Amdt 1012	Prohibits Federal Agencies from Contracting with Businesses Chartered in Bermuda or in the Cayman Islands	Amendment Adopted - House(221 - 200)	Yea	
July 10, 2014	H Amdt 1040	Prohibits Implementation of Certain Climate Assessments	Amendment Adopted - House(229 - 188)	Nay	
June 26, 2014	HR 4899	Lowering Gasoline Prices to Fuel an America That Works Act of 2014	Bill Passed - House(229 - 185)	Nay	
June 24, 2014	H Amdt 956	Prohibits Pending Pipeline Permit Applications from Receiving Automatic Approval	Amendment Rejected - House(171 - 240)	Yea	
June 24, 2014	HR 3301	North American Energy Infrastructure Act	Bill Passed - House(238 - 173)	Nay	
June 19, 2014	H Amdt 901	Prohibits Transfer of Guantanamo Bay Detainees to Yemen	Amendment Adopted - House(238 - 179)	Nay	
June 19, 2014	H Amdt 905	Prohibits Transfer of Guantanamo Bay Detainees to Any Foreign Country	Amendment Adopted - House(230 - 184)	Nay	
June 19, 2014	H Amdt 907	Repeals Prohibition on Guantanamo Bay Detainee Transfers and Facility Construction	Amendment Rejected - House(163 - 249)	Yea	
June 19, 2014	H Amdt 908	Prohibits United States Combat Operations in Iraq	Amendment Rejected - House(165 - 250)	Yea	
June 19, 2014	H Amdt 912	Prohibits Funds from Being Used Pursuant to the Authorization for Use of Military Force Against Iraq Resolution of 2002	Amendment Rejected - House(182 - 231)	Yea	
June 19, 2014	H Amdt 917	Prohibits United States from Providing Weapons in Syria	Amendment Rejected - House(167 - 244)	Yea	
June 19, 2014	H Amdt 935	Prohibits a Federal Employee from Requesting Foreign Intelligence Information in Relation to a US Citizen	Amendment Adopted - House(293 - 123)	Yea	
June 10, 2014	H Amdt 813	Prohibits Funds from Being Used to Implement a Department of Housing and Urban Development Plan	Amendment Adopted - House(219 - 207)	Nay	
June 10, 2014	H Amdt 815	Prohibits Funds from Being Used to Acquire Traffic Cameras	Amendment Adopted - House(255 - 171)	Nay	
June 10, 2014	H Amdt 823	Prohibits Funds from Being Used for the California High-Speed Rail	Amendment Adopted - House(227 - 186)	Nay	
June 10, 2014	HR 4745	Transportation, Housing and Urban Development, and Related Agencies Appropriations Act, 2015	Bill Passed - House(229 - 192)	Nay	
June 9, 2014	H Amdt 783	Reduces Appropriations to Amtrak	Amendment Rejected - House(154 - 248)	Nay	
May 30, 2014	H Amdt 738	Authorizes Funds to be Used for Guantanamo Bay Operations	Amendment Rejected - House(169 - 230)	Nay	
May 30, 2014	H Amdt 748	Prohibits Federal Agencies from Preventing States from Authorizing the Use of Medical Marijuana	Amendment Adopted - House(219 - 189)	Nay	
May 30, 2014	H Amdt 750	Prohibits Funds from Being Used for the Transfer of Clemency Application Screening Personnel	Amendment Adopted - House(219 - 189)	Nay	
May 30, 2014	H Amdt 763	Prohibits Funds from Being Used to Require Journalists to Disclose Sources	Amendment Adopted - House(225 - 183)	Yea	
May 22, 2014	H Amdt 671	Prohibits Funds from Being Used for Certain Climate Change Reports	Amendment Adopted - House(231 - 192)	Did Not Vote	
May 22, 2014	H Amdt 675	Prohibits Funds from Being Used for Guantanmo Bay Operations	Amendment Rejected - House(177 - 247)	Did Not Vote	
May 22, 2014	H Amdt 676	Repeals Indefinite Military Detention Provisions	Amendment Rejected - House(191 - 230)	Did Not Vote	
May 22, 2014	H Amdt 679	Prohibits Funds from Being Used to Implement the New START Treaty	Amendment Adopted - House(233 - 191)	Did Not Vote	
May 22, 2014	H Amdt 680	Repeals Military Force Authorization	Amendment Rejected - House(191 - 233)	Did Not Vote	
May 22, 2014	HR 3361	USA FREEDOM Act	Bill Passed - House(303 - 121)	Did Not Vote	
May 22, 2014	HR 4435	Howard P. "Buck" McKeon National Defense Authorization Act for Fiscal Year 2015	Bill Passed - House(325 - 98)	Did Not Vote	
May 21, 2014	H Amdt 669	Amends Intercontinental-Range Ballistic Missiles (ICBM) Laws	Amendment Adopted - House(222 - 196)	Did Not Vote	
May 9, 2014	HR 4438	American Research and Competitiveness Act of 2014	Bill Passed - House(274 - 131)	Nay	
May 7, 2014	H Res 574	Recommends that the House of Representatives Find Lois G. Lerner in Contempt of Congress	Resolution Passed - House(231 - 187)	Nay	
April 10, 2014	H Con Res 96	Establishing the Budget for the United States Government for Fiscal Year 2015 and Setting Forth Appropriate Budgetary Levels for Fiscal Years 2016 Through 2024	Joint Resolution Passed - House(219 - 205)	Nay	
April 8, 2014	HR 1871	Baseline Reform Act of 2014	Bill Passed - House(230 - 185)	Did Not Vote	
April 4, 2014	HR 1874	Pro-Growth Budgeting Act of 2014	Bill Passed - House(224 - 182)	Nay	
April 3, 2014	HR 2575	Save American Workers Act of 2014	Bill Passed - House(248 - 179)	Nay	
March 26, 2014	HR 1459	Ensuring Public Involvement in the Creation of National Monuments Act	Bill Passed - House(222 - 201)	Nay	
March 25, 2014	HR 2824	Preventing Government Waste and Protecting Coal Mining Jobs in America	Bill Passed - House(229 - 192)	Nay	
March 14, 2014	HR 4015	SGR Repeal and Medicare Provider Payment Modernization Act of 2014	Bill Passed - House(238 - 181)	Did Not Vote	
March 13, 2014	HR 3189	Water Rights Protection Act	Bill Passed - House(238 - 174)	Did Not Vote	
March 13, 2014	HR 3973	Faithful Execution of the Law Act of 2014	Bill Passed - House(244 - 171)	Did Not Vote	
March 12, 2014	HR 4138	Executive Needs to Faithfully Observe and Respect Congressional Enactments of (ENFORCE) the Law Act of 2014	Bill Passed - House(233 - 181)	Nay	
March 6, 2014	H Amdt 585	Prohibits the Social Cost of Carbon from Being Included in Agency Determinations	Amendment Adopted - House(222 - 188)	Nay	
March 6, 2014	H Amdt 587	Exempts Certain Nuclear Facility Construction Projects from Environmental Review Time Frame Requirements	Amendment Rejected - House(187 - 220)	Yea	
March 6, 2014	HR 2641	Responsibly And Professionally Invigorating Development (RAPID) Act of 2013	Bill Passed - House(229 - 179)	Nay	
March 6, 2014	HR 3826	Electricity Security and Affordability Act	Bill Passed - House(229 - 183)	Nay	
March 5, 2014	HR 4118	Suspending the Individual Mandate Penalty Law Equals (SIMPLE) Fairness Act	Bill Passed - House(250 - 160)	Nay	
March 4, 2014	HR 3370	Homeowner Flood Insurance Affordability Act of 2014	Bill Passed - House(306 - 91)	Yea	
Feb. 27, 2014	H Amdt 561	Requires Agency Heads to File Negative-Impact Reports	Amendment Adopted - House(249 - 162)	Did Not Vote	
Feb. 27, 2014	HR 2804	Achieving Less Excess in Regulation and Requiring Transparency Act of 2014	Bill Passed - House(236 - 179)	Did Not Vote	
Feb. 27, 2014	HR 3193	Consumer Financial Protection Safety and Soundness Improvement Act of 2013	Bill Passed - House(232 - 182)	Nay	
Feb. 26, 2014	HR 3865	Stop Targeting of Political Beliefs by the IRS Act of 2014	Bill Passed - House(243 - 176)	Nay	
Feb. 25, 2014	HR 1123	Unlocking Consumer Choice and Wireless Competition Act	Bill Passed - House(295 - 114)	Nay	
Feb. 11, 2014	S 540	Temporary Debt Limit Extension Act	Bill Passed - House(221 - 201)	Yea	
Jan. 29, 2014	HR 2642	Federal Agriculture Reform and Risk Management Act of 2013	Conference Report Adopted - House(251 - 166)	Nay	
Jan. 28, 2014	HR 7	No Taxpayer Funding for Abortion Act	Bill Passed - House(227 - 188)	Nay	
Jan. 16, 2014	HR 3362	Exchange Information Disclosure Act	Bill Passed - House(259 - 154)	Nay	
Jan. 15, 2014	HR 3547	Consolidated Appropriations Act, 2014	Concurrence Vote Passed - House(359 - 67)	Yea	
Jan. 13, 2014	HR 3811	Health Exchange Security and Transparency Act of 2014	Bill Passed - House(291 - 122)	Nay	
Jan. 9, 2014	HR 2279	Reducing Excessive Deadline Obligations Act of 2014	Bill Passed - House(225 - 188)	Nay	
Dec. 12, 2013	H J Res 59	Continuing Appropriations Resolution, 2014	Concurrence Vote Passed - House(332 - 94)	Nay	
Dec. 11, 2013	HR 2019	Kids First Research Act of 2013	Bill Passed - House(295 - 103)	Did Not Vote	
Dec. 5, 2013	H Amdt 521	Authorizes Judicial Discretion in Awarding Legal Fees in Patent Lawsuits	Amendment Rejected - House(199 - 213)	Yea	
Dec. 5, 2013	H Amdt 524	Limits Covered Customers to Businesses With Less Than $25 Million in Revenue	Amendment Rejected - House(144 - 266)	Yea	
Dec. 5, 2013	HR 3309	Innovation Act	Bill Passed - House(325 - 91)	Yea	
Dec. 4, 2013	HR 1105	Small Business Capital Access and Job Preservation Act	Bill Passed - House(254 - 159)	Nay	
Nov. 21, 2013	H Amdt 512	Requires Natural Gas Pipeline Applications to Include Certain Information	Amendment Rejected - House(183 - 233)	Yea	
Nov. 21, 2013	H Amdt 513	Removes the Federal Energy Regulatory Commission Permit Issuance Requirement	Amendment Rejected - House(184 - 233)	Yea	
Nov. 21, 2013	H Amdt 515	Prohibits the Natural Gas Pipeline Permitting Reform Act from Taking Effect During the Sequester	Amendment Rejected - House(175 - 243)	Yea	
Nov. 21, 2013	HR 1900	Natural Gas Pipeline Permitting Reform Act	Bill Passed - House(252 - 165)	Nay	
Nov. 20, 2013	H Amdt 498	Specifies That Certain Fees Do Not Limit the Right to Petition	Amendment Rejected - House(199 - 222)	Yea	
Nov. 20, 2013	H Amdt 499	Authorizes the Secretary of the Interior to Require Certain Findings for Categorical Exclusions	Amendment Rejected - House(194 - 228)	Yea	
Nov. 20, 2013	H Amdt 503	Requires a Report on the Effect of Flooding on Oil and Gas Facilities	Amendment Rejected - House(202 - 221)	Yea	
Nov. 20, 2013	H Amdt 504	Appropriates $10 Million to the Commodity Futures Trading Commission	Amendment Rejected - House(195 - 226)	Yea	
Nov. 20, 2013	H Amdt 507	Specifies the Authority of the Secretary of Interior on the Regulation of Methane Emissions	Amendment Rejected - House(190 - 230)	Yea	
Nov. 20, 2013	HR 1965	Federal Lands Jobs and Energy Security Act	Bill Passed - House(228 - 192)	Nay	
Nov. 20, 2013	HR 2728	Protecting States' Rights to Promote American Energy Security Act	Bill Passed - House(235 - 187)	Nay	
Nov. 15, 2013	HR 3350	Keep Your Health Plan Act of 2013	Bill Passed - House(261 - 157)	Nay	
Nov. 14, 2013	HR 2655	Lawsuit Abuse Reduction Act of 2013	Bill Passed - House(228 - 195)	Nay	
Nov. 13, 2013	HR 982	Furthering Asbestos Claim Transparency (FACT) Act of 2013	Bill Passed - House(221 - 199)	Nay	
Oct. 30, 2013	H J Res 99	Disapproval of the President's Exercise of Authority to Suspend the Debt Limit	Joint Resolution Passed - House(222 - 191)	Did Not Vote	
Oct. 30, 2013	HR 992	Swaps Regulatory Improvement Act	Bill Passed - House(292 - 122)	Nay	
Oct. 29, 2013	HR 2374	Retail Investor Protection Act	Bill Passed - House(254 - 166)	Nay	
Oct. 29, 2013	HR 3361	USA FREEDOM Act	House	Co-sponsor	
Oct. 29, 2013	HR 3370	Homeowner Flood Insurance Affordability Act of 2014	House	Co-sponsor	
Oct. 16, 2013	HR 2775	Continuing Appropriations Resolution, 2014	Concurrence Vote Passed - House(285 - 144)	Yea	
Oct. 11, 2013	H J Res 76	National Nuclear Security Administration Continuing Appropriations Resolution, 2014	Bill Passed - House(248 - 176)	Nay	
Oct. 10, 2013	H J Res 79	Border Security and Enforcement Continuing Appropriations Resolution, 2014	Joint Resolution Passed - House(249 - 175)	Nay	
Oct. 9, 2013	H J Res 90	Federal Aviation Administration Continuing Appropriations Resolution, 2014	Joint Resolution Passed - House(252 - 172)	Nay	
Oct. 8, 2013	H J Res 84	Head Start Continuing Appropriations Resolution, 2014	Joint Resolution Passed - House(248 - 168)	Nay	
Oct. 7, 2013	H J Res 77	Food and Drug Administration Continuing Appropriations Resolution, 2014	Joint Resolution Passed - House(235 - 162)	Did Not Vote	
Oct. 4, 2013	H J Res 75	Special Supplemental Nutrition Program for Women, Infants, and Children Continuing Appropriations Resolution, 2014	Joint Resolution Passed - House(244 - 164)	Did Not Vote	
Oct. 4, 2013	H J Res 85	Federal Emergency Management Agency Continuing Appropriations Resolution, 2014	Joint Resolution Passed - House(247 - 164)	Did Not Vote	
Oct. 3, 2013	HR 3230	Pay Our Guard and Reserve Act	Bill Passed - House(265 - 160)	Did Not Vote	
Oct. 1, 2013	H J Res 70	National Park Service Operations, Smithsonian Institution, National Gallery of Art, and United States Holocaust Memorial Museum Continuing Appropriations Resolution, 2014	Joint Resolution Failed - House(252 - 176)	Nay	
Oct. 1, 2013	H J Res 71	District of Columbia Continuing Appropriations Resolution, 2014	Joint Resolution Failed - House(265 - 163)	Nay	
Oct. 1, 2013	H J Res 72	Veterans Benefits Continuing Appropriations Resolution, 2014	Joint Resolution Failed - House(264 - 164)	Nay	
Sept. 30, 2013	H J Res 59	Continuing Appropriations Resolution, 2014	Concurrence Vote Passed - House(228 - 201)	Nay	
Sept. 29, 2013	H J Res 59	Continuing Appropriations Resolution, 2014	Concurrence Vote Passed - House(248 - 174)	Nay	
Sept. 20, 2013	H J Res 59	Continuing Appropriations Resolution, 2014	Joint Resolution Passed - House(230 - 189)	Nay	
Sept. 20, 2013	HR 1526	Restoring Healthy Forests for Healthy Communities Act	Bill Passed - House(244 - 173)	Did Not Vote	
Sept. 18, 2013	H Amdt 463	Amends the Definition of "Strategic and Critical Minerals"	Amendment Rejected - House(187 - 241)	Yea	
Sept. 18, 2013	H Amdt 466	Requires Mine Operators to Include the Cost of Cleanup in Financial Insurance	Amendment Rejected - House(191 - 235)	Yea	
Sept. 18, 2013	HR 761	National Strategic and Critical Minerals Production Act of 2013	Bill Passed - House(246 - 178)	Nay	
Sept. 12, 2013	HR 2775	No Subsidies Without Verification Act	Bill Passed - House(235 - 191)	Nay	
Aug. 2, 2013	H Amdt 448	Requires Congressional Approval Prior to Establishing a Tax on Carbon Emissions	Amendment Adopted - House(237 - 176)	Nay	
Aug. 2, 2013	H Amdt 450	Requires Congressional Approval for Any Rules Under the Patient Protection and Affordable Care Act	Amendment Adopted - House(227 - 185)	Nay	
Aug. 2, 2013	HR 2009	Keep the IRS Off Your Health Care Act of 2013	Bill Passed - House(232 - 185)	Nay	
Aug. 2, 2013	HR 367	Regulations From the Executive in Need of Scrutiny Act of 2013	Bill Passed - House(232 - 183)	Nay	
Aug. 1, 2013	HR 1582	Energy Consumers Relief Act of 2013	Bill Passed - House(232 - 181)	Nay	
Aug. 1, 2013	HR 2879	Stop Government Abuse Act	Bill Passed - House(239 - 176)	Nay	
July 25, 2013	HR 2218	Coal Residuals Reuse and Management Act of 2013	Bill Passed - House(265 - 155)	Nay	
July 24, 2013	H Amdt 413	Prohibits the National Security Agency  from Collecting Records Under the PATRIOT Act	Amendment Rejected - House(205 - 217)	Yea	
July 24, 2013	HR 2397	Department of Defense Appropriations Act, 2014	Bill Passed - House(315 - 109)	Nay	
July 23, 2013	H Amdt 375	Prohibits the Use of Funds to Appoint Chaplains Without an Endorsing Agency	Amendment Adopted - House(253 - 173)	Nay	
July 17, 2013	HR 2667	Authority for Mandate Delay Act	Bill Passed - House(264 - 161)	Nay	
July 17, 2013	HR 2668	Fairness for American Families Act	Bill Passed - House(251 - 174)	Nay	
Nov. 19, 2015	HR 3189	Fed Oversight Reform and Modernization (FORM) Act of 2015	Bill Passed - House(241 - 185)	Nay	
Nov. 19, 2015	HR 4038	American Security Against Foreign Enemies (SAFE) Act	Bill Passed - House(289 - 137)	Nay	
Nov. 17, 2015	HR 511	Tribal Labor Sovereignty Act of 2015	Bill Passed - House(249 - 177)	Nay	
Nov. 5, 2015	HR 22	Surface Transportation Reauthorization and Reform Act of 2015	Concurrence Vote Passed - House(363 - 64)	Yea	
Nov. 3, 2015	H Amdt 747	Increases Weight Limit for Commercial Trucks	Amendment Adopted - House(187 - 236)	Nay	
Oct. 28, 2015	HR 1314	Bipartisan Budget Act of 2015	Concurrence Vote Passed - House(266 - 167)	Yea	
Oct. 27, 2015	HR 597	Export-Import Bank Reform and Reauthorization Act of 2015	Bill Passed - House(313 - 118)	Yea	
Oct. 23, 2015	HR 3762	Restoring Americans' Healthcare Freedom Reconciliation Act of 2015	Bill Passed - House(240 - 189)	Nay	
Oct. 21, 2015	HR 10	Scholarships for Opportunity and Results (SOAR) Reauthorization Act	Bill Passed - House(240 - 191)	Nay	
Oct. 21, 2015	HR 692	Default Prevention Act	Bill Passed - House(235 - 194)	Nay	
Oct. 9, 2015	HR 702	To Adapt to Changing Crude Oil Market Conditions	Bill Passed - House(261 - 159)	Did Not Vote	
Oct. 8, 2015	HR 538	Native American Energy Act	Bill Passed - House(254 - 173)	Nay	
Oct. 1, 2015	HR 1735	National Defense Authorization Act for Fiscal Year 2016	Conference Report Adopted - House(270 - 156)	Nay	
Oct. 1, 2015	HR 3457	Justice for Victims of Iranian Terrorism Act	Bill Passed - House(251 - 173)	Nay	
Sept. 30, 2015	HR 719	Continuing Appropriations Act, 2016	Concurrence Vote Passed - House(277 - 151)	Yea	
Sept. 29, 2015	HR 3495	Women's Public Health and Safety Act	Bill Passed - House(236 - 193)	Nay	
Sept. 25, 2015	HR 348	Responsibly and Professionally Invigorating Development (RAPID) Act of 2015	Bill Passed - House(233 - 170)	Nay	
Sept. 18, 2015	HR 3134	Defund Planned Parenthood Act of 2015	Bill Passed - House(241 - 187)	Nay	
Sept. 18, 2015	HR 3504	Born-Alive Abortion Survivors Protection Act	Bill Passed - House(248 - 177)	Nay	
Sept. 11, 2015	HR 3460	To Suspend Until January 21, 2017, the Authority of the President to Waive, Suspend, Reduce, Provide Relief from, or Otherwise Limit the Application of Sanctions Pursuant to an Agreement Related to the Nuclear Program of Iran	Bill Passed - House(247 - 186)	Nay	
Sept. 11, 2015	HR 3461	To Approve the Joint Comprehensive Plan of Action, Signed at Vienna on July 14, 2015, Relating to the Nuclear Program of Iran.	Bill Failed - House(162 - 269)	Yea	
Sept. 10, 2015	H Res 411	Finding that the President Has Not Complied with Section 2 of the Iran Nuclear Agreement Review Act of 2015	Bill Passed - House(245 - 186)	Nay	
July 29, 2015	HR 1994	VA Accountability Act of 2015	Bill Passed - House(256 - 170)	Nay	
July 28, 2015	HR 427	Regulations for the Executive in Need of Scrutiny Act of 2015	Bill Passed - House(243 - 165)	Did Not Vote	
July 23, 2015	HR 1599	Safe and Accurate Food Labeling Act of 2015	Bill Passed - House(275 - 150)	Nay	
July 23, 2015	HR 3009	Enforce the Law for Sanctuary Cities Act	Bill Passed - House(241 - 179)	Nay	
July 22, 2015	HR 1734	Improving Coal Combustion Residuals Regulations Act of 2016	Bill Passed - House(258 - 166)	Did Not Vote	
July 16, 2015	HR 2898	Western Water and American Food Security Act of 2015	House(245 - 176)	Nay	
July 15, 2015	HR 3038	Highway and Transportation Funding Act of 2015	Bill Passed - House(312 - 119)	Yea	
July 9, 2015	HR 2647	Resilient Federal Forests Act of 2015	Bill Passed - House(262 - 167)	Nay	
July 8, 2015	HR 5	Student Success Act	Bill Passed - House(218 - 213)	Nay	
June 24, 2015	HR 2042	Ratepayer Protection Act	House(247 - 180)	Nay	
June 18, 2015	HR 160	Protect Medical Innovation Act of 2015	Bill Passed - House(280 - 140)	Nay	
June 16, 2015	HR 2596	Intelligence Authorization Act for Fiscal Year 2016	Bill Passed - House(247 - 178)	Nay	
June 11, 2015	HR 2685	Department of Defense Appropriations Act, 2016	Bill Passed - House(278 - 149)	Nay	
June 10, 2015	HR 2393	Country of Origin Labeling Amendments Act of 2015	Bill Passed - House(300 - 131)	Nay	
June 9, 2015	HR 2577	Transportation, Housing and Urban Development, and Related Agencies Appropriations Act, 2016	Bill Passed - House(216 - 210)	Nay	
June 3, 2015	HR 2578	Commerce, Justice, Science, and Related Agencies Appropriations Act, 2016	Bill Passed - House(242 - 183)	Nay	
June 1, 2015	HR 1335	Strengthening Fishing Communities and Increasing Flexibility in Fisheries Management Act	Bill Passed - House(225 - 152)	Nay	
May 21, 2015	HR 2262	Spurring Private Aerospace Competitiveness and Entrepreneurship Act of 2015	Bill Passed - House(284 - 133)	Nay	
May 20, 2015	HR 1806	America COMPETES Reauthorization Act of 2015	Bill Passed - House(217 - 205)	Nay	
May 20, 2015	HR 880	American Research and Competitiveness Act of 2015	Bill Passed - House(274 - 145)	Nay	
May 15, 2015	H Amdt 226	Limits Use of Funds to Implement New START Treaty	Amendment Adopted - House(235 - 182)	Did Not Vote	
May 15, 2015	H Amdt 230	Prohibits Listing Lesser Prairie Chicken as Endangered	Amendment Adopted - House(229 - 190)	Did Not Vote	
May 15, 2015	HR 1735	National Defense Authorization Act for Fiscal Year 2016	Bill Passed - House(269 - 151)	Did Not Vote	
May 13, 2015	HR 36	Pain-Capable Unborn Child Protection Act	Bill Passed - House(242 - 184)	Nay	
May 1, 2015	HR 2028	Energy and Water Development and Related Agencies Appropriations Act, 2016	Bill Passed - House(240 - 177)	Nay	
April 16, 2015	HR 1105	Death Tax Repeal Act of 2015	Bill Passed - House(240 - 179)	Nay	
April 16, 2015	HR 622	State and Local Sales Tax Deduction Fairness Act of 2015	Bill Passed - House(272 - 152)	Nay	
April 14, 2015	HR 650	Preserving Access to Manufactured Housing Act of 2015	Bill Passed - House(263 - 162)	Nay	
July 11, 2013	HR 2642	Federal Agriculture Reform and Risk Management Act of 2013	Bill Passed - House(216 - 208)	Nay	
June 28, 2013	HR 2231	Offshore Energy and Jobs Act	Bill Passed - House(235 - 186)	Did Not Vote	
June 20, 2013	H Amdt 227	Amends the Federal Sugar Program	Amendment Rejected - House(206 - 221)	Nay	
June 20, 2013	H Amdt 231	Authorizes States to Require Federal Welfare Work Requirements for the Supplemental Nutrition Assistance Program	Amendment Adopted - House(227 - 198)	Nay	
June 20, 2013	HR 1947	Federal Agriculture Reform and Risk Management Act of 2013	Bill Failed - House(195 - 234)	Nay	
June 19, 2013	H Amdt 176	Restores $20.5 Billion in Appropriations for the Supplemental Nutrition Assistance Program	Amendment Rejected - House(188 - 234)	Yea	
June 18, 2013	HR 1797	Pain-Capable Unborn Child Protection Act	Bill Passed - House(228 - 196)	Nay	
June 14, 2013	H Amdt 167	Prohibits the Use of Funds for the Transfer or Release of Guantanamo Detainees to Yemen	Amendment Adopted - House(236 - 188)	Nay	
June 14, 2013	H Amdt 168	Establishes Framework for the Closing of the Detention Facility at Guantanamo Bay, Cuba, by December 1, 2014	Amendment Rejected - House(174 - 249)	Yea	
June 14, 2013	HR 1960	National Defense Authorization Act for Fiscal Year 2014	Motion Rejected - House(194 - 225)	Yea	
June 14, 2013	HR 1960	National Defense Authorization Act for Fiscal Year 2014	Bill Passed - House(315 - 108)	Nay	
June 6, 2013	H Amdt 136	Prohibits the Enforcement of the Immigration Executive Order	Amendment Adopted - House(224 - 201)	Nay	
June 6, 2013	HR 2217	Department of Homeland Security Appropriations Act of 2014	Bill Passed - House(245 - 182)	Nay	
June 5, 2013	H Amdt 121	Delays National Flood Insurance Premiums Increases	Amendment Adopted - House(281 - 146)	Yea	
June 4, 2013	H Amdt 84	Authorizes Funds for the Construction of United States Prison for Prisoners from Guantanamo Bay, Cuba	Amendment Rejected - House(170 - 254)	Yea	
May 23, 2013	HR 1911	Smarter Solutions for Students Act	Bill Passed - House(221 - 198)	Did Not Vote	
May 22, 2013	H Amdt 67	Requires a Finding be Added Concerning Oil Sand Crudes	Amendment Rejected - House(146 - 269)	Yea	
May 22, 2013	H Amdt 69	Requires Threat Assessment of Pipeline Vulnerabilities to a Terrorist Attack	Amendment Rejected - House(176 - 239)	Yea	
May 22, 2013	H Amdt 71	Repeals Requirement that Secretary of the Army Approve All Keystone XL Pipeline Permit Applications	Amendment Rejected - House(182 - 234)	Yea	
May 22, 2013	H Amdt 72	Increases Time to File a Claim Under the Northern Route Approval Act from 60 Days to 1 Year	Amendment Rejected - House(182 - 234)	Yea	
May 22, 2013	H Amdt 75	Requires All Oil and Refined Fuels Transported Through the Keystone XL Pipeline to be Used Only in The United States	Amendment Rejected - House(162 - 255)	Yea	
May 22, 2013	HR 3	Northern Route Approval Act	Bill Passed - House(241 - 175)	Nay	
May 17, 2013	HR 1062	SEC Regulatory Accountability Act	Bill Passed - House(235 - 161)	Nay	
May 16, 2013	HR 45	Repeals the Patient Protection and Affordable Care Act and Health Care-Related Provisions in the Health Care and Education Reconciliation Act of 2010	Bill Passed - House(229 - 195)	Nay	
May 9, 2013	HR 807	Full Faith and Credit Act	Bill Passed - House(221 - 207)	Nay	
May 8, 2013	HR 1406	Working Families Flexibility Act of 2013	Bill Passed - House(223 - 204)	Nay	
April 18, 2013	HR 624	Cyber Intelligence Sharing and Protection Act	Bill Passed - House(288 - 127)	Nay	
April 15, 2013	HR 249	Federal Employee Tax Accountability Act of 2013	Bill Failed - House(250 - 159)	Nay	
April 12, 2013	HR 1120	Preventing Greater Uncertainty in Labor-Management Relations Act	Bill Passed - House(219 - 209)	Nay	
March 21, 2013	H Con Res 25	Establishing the Budget for the United States Government for Fiscal Year 2014 and Setting Forth Appropriate Budgetary Levels for Fiscal Years 2015 Through 2023	Joint Resolution Passed - House(221 - 207)	Nay	
March 21, 2013	HR 933	Consolidated and Further Continuing Appropriations Act, 2013	Concurrence Vote Passed - House(318 - 109)	Nay	
March 15, 2013	HR 803	Supporting Knowledge and Investing in Lifelong Skills Act (SKILLS Act)	Bill Passed - House(215 - 202)	Nay	
March 13, 2013	HR 890	Preserving Work Requirements for Welfare Programs Act of 2013	Bill Passed - House(246 - 181)	Nay	
March 6, 2013	HR 933	Consolidated and Further Continuing Appropriations Act, 2013	Bill Passed - House(267 - 151)	Nay	
Feb. 28, 2013	H Amdt 23	Reauthorizes the Violence Against Women Act	Amendment Rejected - House(166 - 257)	Yea	
Feb. 28, 2013	S 47	Violence Against Women Reauthorization Act of 2013	Bill Passed - House(286 - 138)	Yea	
Feb. 15, 2013	HR 273	Eliminates the 2013 Statutory Pay Adjustment for Federal Employees	Bill Passed - House(261 - 154)	Nay	
Jan. 23, 2013	HR 325	No Budget, No Pay Act of 2013	Bill Passed - House(285 - 144)	Nay	
Jan. 15, 2013	H Amdt 4	Offsets Cost of Disaster Relief Appropriations Through Discretionary Budget Cuts	Amendment Rejected - House(162 - 258)	Nay	
Jan. 15, 2013	HR 152	Disaster Relief Appropriations Act, 2013	Bill Passed - House(241 - 180)	Yea	
Jan. 1, 2013	HR 6726	Congressional Pay Freeze and Fiscal Responsibility Act	Bill Passed - House(287 - 129)	Nay	
Jan. 1, 2013	HR 8	Job Protection and Recession Prevention Act of 2012	Concurrence Vote Passed - House(257 - 167)	Yea	
Dec. 20, 2012	HR 4310	National Defense Authorization Act for Fiscal Year 2013	Conference Report Adopted - House(315 - 107)	Nay	
Dec. 20, 2012	HR 6684	Spending Reduction Act of 2012	Bill Passed - House(215 - 209)	Nay	
Nov. 30, 2012	HR 6429	STEM Jobs Act of 2012	Bill Passed - House(245 - 139)	Nay	
Nov. 16, 2012	HR 6156	Russia and Moldova Jackson-Vanik Repeal and Sergei Magnitsky Rule of Law Accountability Act of 2012	Bill Passed - House(365 - 43)	Yea	
Sept. 21, 2012	HR 3409	Stop the War on Coal Act of 2012	Bill Passed - House(233 - 175)	Did Not Vote	
Sept. 20, 2012	H J Res 118	Congressional Disapproval of Department of Health and Human Services Rule to Waive Certain Requirements for the Temporary Assistance for Needy Families Program (TANF)	Joint Resolution Passed - House(250 - 164)	Nay	
Sept. 20, 2012	HR 6429	STEM Jobs Act of 2012	Bill Failed - House(257 - 158)	Nay	
Sept. 19, 2012	HR 5912	Prohibits Public Funding for Political Party Conventions	Bill Passed - House(310 - 95)	Nay	
Sept. 14, 2012	HR 6213	No More Solyndras Act	Bill Passed - House(245 - 161)	Nay	
Sept. 13, 2012	HR 6365	National Security and Job Protection Act	Bill Passed - House(223 - 196)	Nay	
Sept. 12, 2012	HR 5949	FISA Amendments Act Reauthorization Act of 2012	Bill Passed - House(301 - 118)	Nay	
Aug. 2, 2012	HR 6169	Pathway to Job Creation through a Simpler, Fairer Tax Code Act of 2012	Bill Passed - House(232 - 189)	Nay	
Aug. 2, 2012	HR 6233	Agricultural Disaster Assistance Act of 2012	Bill Passed - House(223 - 197)	Nay	
Aug. 1, 2012	HR 8	Job Protection and Recession Prevention Act of 2012	Bill Passed - House(256 - 171)	Nay	
July 31, 2012	HR 3803	District of Columbia Pain-Capable Unborn Child Protection Act	Bill Failed - House(220 - 154)	Nay	
July 31, 2012	HR 828	Federal Employee Tax Accountability Act of 2012	Bill Passed - House(263 - 114)	Nay	
July 31, 2012	S 679	Presidential Appointment Efficiency and Streamlining Act of 2011	Bill Passed - House(261 - 116)	Yea	
July 26, 2012	HR 4078	Red Tape Reduction and Small Business Job Creation Act	Bill Passed - House(245 - 172)	Nay	
July 25, 2012	HR 459	Federal Reserve Transparency Act of 2012	Bill Passed - House(327 - 98)	Nay	
July 25, 2012	HR 6082	Congressional Replacement of President Obama's Offshore Drilling Plan	Bill Passed - House(253 - 170)	Nay	
July 25, 2012	HR 6168	President Obama's Proposed 2012-2017 Offshore Drilling Lease Sale Plan Act	Bill Failed - House(164 - 261)	Yea	
July 19, 2012	H Amdt 1416	Prohibits Use of Funds in Contravention of the Defense of Marriage Act	Amendment Adopted - House(247 - 166)	Nay	
July 19, 2012	HR 5856	Department of Defense Appropriations Act, 2013	Bill Passed - House(326 - 90)	Nay	
July 12, 2012	HR 4402	National Strategic and Critical Minerals Production Act of 2012	Bill Passed - House(256 - 160)	Nay	
July 11, 2012	HR 6079	Repeals the Patient Protection and Affordable Care Act of 2010	Bill Passed - House(244 - 185)	Nay	
June 21, 2012	HR 4480	Domestic Energy and Jobs Act	Bill Passed - House(248 - 163)	Nay	
June 19, 2012	HR 2578	Conservation and Economic Growth Act	Bill Passed - House(232 - 188)	Nay	
June 7, 2012	HR 436	Repeals Excise Tax on Medical Devices	Bill Passed - House(270 - 146)	Did Not Vote	
June 7, 2012	HR 5855	Department of Homeland Security Appropriations Act for 2013	Bill Passed - House(234 - 182)	Nay	
May 31, 2012	H Amdt 1160	Project Labor Agreements	Amendment Adopted - House(218 - 198)	Yea	
May 31, 2012	HR 3541	Prenatal Nondiscrimination Act (PRENDA) of 2012	Bill Failed - House(246 - 168)	Nay	
May 18, 2012	H Amdt 1127	Repeals Indefinite Military Detention Provisions	Amendment Rejected - House(182 - 238)	Yea	
May 18, 2012	H Amdt 1140	Prohibits Reductions to Strategic Nuclear Arms Required by New START	Amendment Adopted - House(238 - 162)	Nay	
May 18, 2012	HR 4310	National Defense Authorization Act for Fiscal Year 2013	Bill Passed - House(299 - 120)	Nay	
May 17, 2012	H Amdt 1103	Limits Funding for War in Afghanistan to the Withdrawal of U.S. Forces	Amendment Rejected - House(113 - 303)	Yea	
May 16, 2012	HR 4970	Violence Against Women Reauthorization Act of 2012	Bill Passed - House(222 - 205)	Nay	
May 10, 2012	HR 5652	Sequester Replacement Reconciliation Act of 2012	Bill Passed - House(218 - 199)	Nay	
May 9, 2012	H Amdt 1096	Prohibits Use of Funds in Contravention with the Defense of Marriage Act	Amendment Adopted - House(245 - 171)	Nay	
May 9, 2012	HR 2072	Export-Import Bank Reauthorization Act of 2012	Bill Passed - House(330 - 93)	Yea	
April 27, 2012	HR 4628	Extending Student Loan Interest Rates	Bill Passed - House(215 - 195)	Nay	
April 26, 2012	HR 3523	Cyber Intelligence Sharing and Protection Act	Bill Passed - House(248 - 168)	Nay	
April 19, 2012	HR 9	Income Tax Deduction for Small Businesses	Bill Passed - House(235 - 173)	Nay	
April 18, 2012	HR 4348	Extension of Surface Transportation Funding and Approval of the Keystone XL Pipeline	Bill Passed - House(293 - 127)	Nay	
March 29, 2012	H Con Res 112	Limits Federal Appropriations for Fiscal Years 2013-2022 ("Ryan Budget")	Joint Resolution Passed - House(228 - 191)	Nay	
Feb. 29, 2012	HR 1837	Water Resources in the Sacramento-San Joaquin Valley	Bill Passed - House(246 - 175)	Did Not Vote	
Feb. 28, 2012	HR 2117	Repeals Department of Education Regulations	Bill Passed - House(303 - 114)	Nay	
Feb. 17, 2012	HR 3630	Extends Payroll Tax Cut	Conference Report Adopted - House(293 - 132)	Yea	
Feb. 16, 2012	HR 3408	Authorizes Development of Oil Shale Resources	Bill Passed - House(237 - 187)	Nay	
Feb. 9, 2012	S 2038	Prohibits Insider Trading by Government Officials	Bill Passed - House(417 - 2)	Yea	
Feb. 8, 2012	HR 3521	Authorizes the President to Line-Item Veto Certain Legislation	Bill Passed - House(254 - 173)	Yea	
Feb. 3, 2012	HR 3578	Amends Budget Baseline	Bill Passed - House(235 - 177)	Nay	
Feb. 3, 2012	HR 658	Federal Aviation Administration Act of 2012	Conference Report Adopted - House(248 - 169)	Nay	
Feb. 1, 2012	HR 1173	Repeals the CLASS Act	Bill Passed - House(267 - 159)	Nay	
Feb. 1, 2012	HR 3835	Extends Pay Freeze for Congress and Non-Military Federal Workers	Bill Passed - House(309 - 117)	Nay	
Jan. 18, 2012	H J Res 98	Disapproval of President's Authority to Raise the Debt Limit	Joint Resolution Passed - House(239 - 176)	Nay	
Dec. 20, 2011	HR 3630	Temporary Payroll Tax Cut Extension	Nonconcurrence Vote Passed - House(229 - 193)	Nay	
Dec. 16, 2011	HR 2055	Consolidated Appropriations Act of 2012	Conference Report Adopted - House(296 - 121)	Yea	
Dec. 14, 2011	HR 1540	National Defense Authorization Act for Fiscal Year 2012	Conference Report Adopted - House(283 - 136)	Nay	
Dec. 13, 2011	HR 3630	Reduces Payroll Taxes and Unemployment Benefits	Bill Passed - House(234 - 193)	Nay	
Dec. 8, 2011	HR 1633	Limits Regulation of Farm Dust	Bill Passed - House(268 - 150)	Nay	
Dec. 7, 2011	HR 10	Congressional Approval of Regulations	Bill Passed - House(241 - 184)	Nay	
Dec. 2, 2011	HR 3010	Establishes Additional Requirements for Regulatory Agencies	Bill Passed - House(253 - 167)	Nay	
Dec. 1, 2011	HR 3463	Repeals Taxpayer Financing of Presidential Election Campaigns	Bill Passed - House(235 - 190)	Nay	
Dec. 1, 2011	HR 527	Increases Requirements for Agencies that Promulgate Regulations Affecting Small Businesses	Bill Passed - House(263 - 159)	Nay	
Nov. 30, 2011	HR 3094	Labor Law Amendments	Bill Passed - House(235 - 188)	Nay	
Nov. 30, 2011	HR 3521	Authorizes the President to Line-Item Veto Certain Legislation	House	Co-sponsor	
Nov. 29, 2011	HR 3012	Repeals Certain Green Cards Limitations	Bill Passed - House(389 - 15)	Yea	
Nov. 18, 2011	H J Res 2	Proposing a Balanced Budget Amendment to the U.S. Constitution	Joint Resolution Failed - House(261 - 165)	Did Not Vote	
Nov. 17, 2011	HR 2112	Appropriations for Agriculture, Rural Development, and the Food and Drug Administration	Conference Report Adopted - House(298 - 121)	Yea	
Nov. 16, 2011	HR 822	Requiring State Reciprocity for Carrying Concealed Firearms	Bill Passed - House(272 - 154)	Nay	
Nov. 3, 2011	H Amdt 849	Requires Public Disclosure of Bonuses and Golden Parachute Arrangements	Amendment Rejected - House(190 - 234)	Yea	
Nov. 3, 2011	H Amdt 853	Requires Crowdfunding Intermediaries to Disclose Methods of Compensation to Investors	Amendment Rejected - House(189 - 234)	Yea	
Nov. 3, 2011	HR 2930	Authorizes Crowdfunding for Small Businesses	Bill Passed - House(407 - 17)	Yea	
Nov. 1, 2011	H Con Res 13	Encourages Display of "In God We Trust" in Public Buildings and Schools	Joint Resolution Passed - House(396 - 9)	Yea	
Oct. 27, 2011	HR 2576	Requires Inclusion of Social Security Benefits in Calculation of Modified Adjusted Gross Income	Bill Passed - House(262 - 157)	Nay	
Oct. 26, 2011	HR 1904	Southeast Arizona Land Exchange and Conservation Act of 2011	Bill Passed - House(235 - 186)	Nay	
Oct. 14, 2011	HR 2273	Coal Residuals Reuse and Management Act	Bill Passed - House(267 - 144)	Did Not Vote	
Oct. 13, 2011	HR 358	Amends Patient Protection and Affordable Care Act to Prohibit Abortion Coverage	Bill Passed - House(251 - 172)	Nay	
Oct. 12, 2011	HR 3078	Trade Promotion Agreement with Colombia	Bill Passed - House(262 - 167)	Nay	
Oct. 12, 2011	HR 3079	Trade Promotion Agreement with Panama	Bill Passed - House(300 - 129)	Nay	
Oct. 12, 2011	HR 3080	Free Trade Agreement with Korea	Bill Passed - House(278 - 151)	Nay	
Oct. 6, 2011	HR 2681	Repeals EPA Emissions Regulations for Cement Manufacturers	Bill Passed - House(262 - 161)	Nay	
Oct. 4, 2011	HR 2608	Continuing Appropriations Act of 2012	Concurrence Vote Passed - House(352 - 66)	Yea	
Sept. 23, 2011	H Amdt 799	Suspends Cross State Air Pollution Rule	Amendment Adopted - House(234 - 188)	Nay	
Sept. 23, 2011	H Amdt 800	Requires the EPA to Consider Costs and Feasibility of Air Quality Standards	Amendment Adopted - House(227 - 192)	Nay	
Sept. 23, 2011	HR 2608	Stopgap Spending and Disaster Relief	Concurrence Vote Passed - House(219 - 203)	Nay	
Sept. 21, 2011	HR 2608	Stopgap Spending and Disaster Relief	Concurrence Vote Failed - House(195 - 230)	Nay	
Sept. 15, 2011	HR 2587	National Labor Relations Board Prohibitions	Bill Passed - House(238 - 186)	Nay	
Sept. 14, 2011	H J Res 77	Disapproval of the President's Authority to Raise the Debt Limit	Joint Resolution Passed - House(232 - 186)	Nay	
Aug. 1, 2011	S 365	Budget Control Act of 2011	Bill Passed - House(269 - 161)	Yea	
July 29, 2011	S 627	Increasing the Debt Ceiling (Boehner Bill)	Bill Passed - House(218 - 210)	Nay	
July 27, 2011	H Amdt 735	Repeals Laws that Limited Funding for the Endangered Species Act	Amendment Adopted - House(224 - 202)	Yea	
July 22, 2011	HR 2551	2011-2012 Congressional Budget	Bill Passed - House(252 - 159)	Nay	
July 21, 2011	HR 1315	Oversight of Consumer Financial Protection Bureau	Bill Passed - House(241 - 173)	Nay	
July 20, 2011	HR 2553	Airport and Airway Extension Act	Bill Passed - House(243 - 177)	Nay	
July 19, 2011	HR 2560	Cut, Cap and Balance Act of 2011	Bill Passed - House(234 - 190)	Nay	
July 13, 2011	HR 2018	Amending Clean Water Laws	Bill Passed - House(239 - 184)	Nay	
July 12, 2011	HR 2417	Repeals Energy Efficiency Standards for Incandescent Light Bulbs	Motion Rejected - House(233 - 193)	Nay	
June 24, 2011	H J Res 68	Authorizes Limited Use of US Armed Forces in Libya	Joint Resolution Failed - House(123 - 295)	Yea	
June 24, 2011	HR 2278	Limits the Use of Funds in Support of NATO Operations in Libya	Bill Failed - House(180 - 238)	Nay	
June 23, 2011	HR 1249	Patent Law Amendments	Bill Passed - House(304 - 117)	Yea	
June 22, 2011	HR 2021	Impact of Drilling on Air Quality	Bill Passed - House(253 - 166)	Nay	
June 13, 2011	H Amdt 414	Prohibits Use of Funds in Contravention of the War Powers Resolution	Amendment Adopted - House(248 - 163)	Yea	
June 3, 2011	H Con Res 51	Removing Armed Forces from Libya	Joint Resolution Failed - House(148 - 265)	Nay	
June 3, 2011	H Res 292	Ground Forces in Libya	Resolution Passed - House(268 - 145)	Nay	
June 2, 2011	H Amdt 385	Prohibiting Funds From Being Used in Contradiction to the War Powers Resolution	Amendment Rejected - House(208 - 213)	Yea	
June 2, 2011	H Amdt 398	Prohibiting the Use of Funds for Transportation Security Administration Collective Bargaining	Amendment Adopted - House(218 - 205)	Nay	
June 2, 2011	H Amdt 406	Transportation Security Administration Appropriations	Amendment Adopted - House(219 - 204)	Nay	
Aug. 26, 2010	AB 1825	Requiring Inclusion of Maternity Services in Health Coverage	Concurrence Vote Passed - House(52 - 22)	Yea	
Aug. 26, 2010	SB 1413	Requiring Free Drinking Water in Public School Cafeterias	Bill Passed - House(52 - 22)	Yea	
Aug. 25, 2010	AB 2666	Establishing Public Database of Companies and Their Tax Credits in the State	Concurrence Vote Passed - House(48 - 26)	Yea	
Aug. 25, 2010	SB 1391	Business Tax Incentive Amendments	Bill Passed - House(46 - 28)	Yea	
Aug. 24, 2010	SB 399	Authorizing Youth Offenders to Appeal a Sentence of Life Without Parole	Bill Failed - House(34 - 38)	Yea	
Aug. 23, 2010	SB 1272	Tax Law Amendments	Bill Passed - House(47 - 27)	Yea	
Aug. 23, 2010	SB 145	Prohibiting Denial of Workers' Compensation if the Injury or Death was Related to Certain Personal Characteristics	Bill Passed - House(47 - 27)	Did Not Vote	
Aug. 23, 2010	SB 970	College Vote-by-Mail Drop-Off Locations	Bill Passed - House(48 - 28)	Yea	
Aug. 12, 2010	SB 933	Prohibiting Debit Card Fees	Bill Passed - House(45 - 24)	Did Not Vote	
July 1, 2010	SB 1121	Overtime Wages for Agricultural Workers	Bill Passed - House(47 - 28)	Yea	
June 3, 2010	AB 1810	Expanded Firearm Registration	Bill Passed - House(42 - 29)	Yea	
June 3, 2010	AB 2047	Expanding Authorized University Admission Considerations	Amendment Adopted - House(48 - 28)	Yea	
June 3, 2010	AB 2479	Penalties for Violations Committed with the Intent to Capture Images or Recordings of a Person	Bill Passed - House(56 - 16)	Yea	
June 3, 2010	AB 2514	Energy Storage Targets	Amendment Adopted - House(41 - 28)	Yea	
June 3, 2010	AB 2529	Peer Review Requirements for Regulatory Economic Impact Analysis	Bill Passed - House(44 - 18)	Yea	
June 2, 2010	AB 1825	Requiring Inclusion of Maternity Services in Health Coverage	Bill Passed - House(48 - 25)	Yea	
June 2, 2010	AB 1998	Ban of Single-Use Carryout Bags in Certain Stores	Bill Passed - House(42 - 27)	Yea	
June 2, 2010	AB 2470	Individual Health Plan Requirements	Bill Passed - House(46 - 27)	Yea	
June 2, 2010	AB 2578	State Approvals for Health Insurance Rates	Bill Passed - House(43 - 28)	Yea	
June 1, 2010	AB 1600	Requiring Insurers to Cover Mental Health Services	Bill Passed - House(50 - 27)	Yea	
June 1, 2010	AB 1602	Health Care Coverage Amendments	Bill Passed - House(49 - 26)	Yea	
June 1, 2010	AB 1652	Ski Resort Safety Requirement Modifications	Bill Passed - House(44 - 30)	Yea	
June 1, 2010	AB 1934	Amendments to the Penal Code Regarding Firearms	Bill Passed - House(46 - 30)	Yea	
June 1, 2010	AB 2244	Prohibiting the Denial of Health Care Coverage for Children with Preexisting Conditions	Bill Passed - House(50 - 25)	Yea	
June 1, 2010	AB 2411	Pet Insurance Guidelines	Bill Passed - House(52 - 22)	Yea	
May 13, 2010	AB 1756	Food Stamps for Drug Felons	Bill Passed - House(44 - 31)	Yea	
April 22, 2010	Maldonado Nomination	Abel Maldonado, Lieutenant Governor	House(53 - 21)	Yea	
April 5, 2010	AB 1656	Requiring Fur Product Labeling	Bill Passed - House(59 - 11)	Did Not Vote	
March 22, 2010	SB 4	Prohibiting Smoking at State Park Beaches	Bill Passed - House(42 - 27)	Yea	
March 8, 2010	SBx8 32	Tax Law Amendments	Bill Passed - House(47 - 29)	Yea	
March 4, 2010	ABx8 6	Fuel Tax Amendments	Concurrence Vote Passed - House(41 - 32)	Yea	
March 4, 2010	ABx8 9	Tax and Transportation Law Amendments	Concurrence Vote Passed - House(44 - 30)	Yea	
Feb. 22, 2010	ABx8 2	2010-2011 Budget Amendments	Concurrence Vote Passed - House(44 - 20)	Yea	
Feb. 19, 2010	AB 2479	Penalties for Violations Committed with the Intent to Capture Images or Recordings of a Person	House	Sponsor	
Feb. 11, 2010	Maldonado Nomination	Abel Maldonado, Lieutenant Governor	House(37 - 36)	Nay	
Jan. 5, 2010	AB 1602	Health Care Coverage Amendments	House	Co-sponsor	
Jan. 5, 2010	SBx5 1	Education Law Amendments	Bill Passed - House(45 - 17)	Yea	
Jan. 5, 2010	SBx5 4	Education Law Amendments	Bill Passed - House(41 - 27)	Yea	
Dec. 10, 2009	ABx5 8	Education Law Amendments	Bill Passed - House(48 - 25)	Yea	
Dec. 2, 2009	ABx5 8	Education Law Amendments	House	Co-sponsor	
Nov. 4, 2009	SBx7 2	Water Investment Bond Measure	Bill Passed - House(55 - 20)	Yea	
Nov. 4, 2009	SBx7 8	Water Diversion Amendments	Bill Passed - House(49 - 20)	Yea	
Nov. 3, 2009	SBx7 1	Sacramento-San Joaquin Delta Water Management Amendments	Bill Passed - House(46 - 29)	Yea	
Nov. 3, 2009	SBx7 6	Statewide Groundwater Elevation Monitoring Program	Bill Passed - House(44 - 29)	Yea	
Nov. 3, 2009	SBx7 7	Statewide Water Conservation Requirements	Bill Passed - House(49 - 19)	Yea	
Sept. 12, 2009	SB 14	Renewable Energy Requirements	Bill Passed - House(49 - 28)	Yea	
Sept. 11, 2009	SB 19	Eliminating Prohibition on Utilizing CALTIDES Data to Evaluate Teachers	Bill Passed - House(53 - 20)	Yea	
Sept. 10, 2009	AB 2	Health Care Law Amendments	Concurrence Vote Passed - House(49 - 26)	Yea	
Sept. 10, 2009	AB 524	Privacy Law Expansion	Concurrence Vote Passed - House(57 - 20)	Yea	
Sept. 10, 2009	AB 98	Required Maternity Services Coverage	Concurrence Vote Passed - House(51 - 27)	Yea	
June 2, 2011	HR 2017	Department of Homeland Security Appropriations Act	Bill Passed - House(231 - 188)	Nay	
May 31, 2011	HR 1954	Increasing the Debt Limit	Motion Rejected - House(97 - 318)	Nay	
May 26, 2011	S 990	PATRIOT Act Extension	Concurrence Vote Passed - House(250 - 153)	Nay	
May 5, 2011	HR 1230	Offshore Leasing Act	Bill Passed - House(266 - 149)	Nay	
May 4, 2011	HR 1214	Repealing Funding for School-Based Health Center Construction	Bill Passed - House(235 - 191)	Nay	
May 4, 2011	HR 3	Prohibiting Taxpayer Funding of Abortion	Bill Passed - House(251 - 175)	Nay	
May 3, 2011	HR 1213	Repealing Funding for State Health Benefit Exchanges	Bill Passed - House(238 - 183)	Nay	
April 15, 2011	H Con Res 34	2011-2012 Budget	Joint Resolution Passed - House(235 - 193)	Nay	
April 14, 2011	HR 1473	2011 Budget	Bill Passed - House(260 - 167)	Nay	
April 13, 2011	HR 1217	Repealing the Prevention and Public Health Fund	Bill Passed - House(236 - 183)	Nay	
April 9, 2011	HR 1363	2011 Department of Defense Budget and Additional Continuing Appropriations	Concurrence Vote Passed - House(348 - 70)	Yea	
April 8, 2011	H J Res 37	Disapproving FCC Rules Concerning Internet Providers	Joint Resolution Passed - House(240 - 179)	Nay	
April 7, 2011	HR 1363	2011 Department of Defense Budget and Additional Continuing Appropriations	Bill Passed - House(247 - 181)	Nay	
April 7, 2011	HR 910	Energy Tax Prevention Act	Bill Passed - House(255 - 172)	Nay	
April 1, 2011	H Amdt 232	Amending FAA Rulemaking Activities	Amendment Adopted - House(215 - 209)	Nay	
April 1, 2011	HR 1255	Government Shutdown Prevention Act	Bill Passed - House(221 - 202)	Nay	
April 1, 2011	HR 658	Federal Aviation Administration Act of 2012	Bill Passed - House(223 - 196)	Nay	
March 30, 2011	HR 471	School Vouchers for Washington, D.C.	Bill Passed - House(225 - 195)	Nay	
March 29, 2011	HR 839	Terminating the Home Affordable Modification Program	Bill Passed - House(252 - 170)	Nay	
March 17, 2011	H Con Res 28	Removing Troops from Afghanistan	Joint Resolution Failed - House(93 - 321)	Yea	
March 17, 2011	HR 1076	Prohibiting Federal Funding of National Public Radio	Bill Passed - House(228 - 192)	Nay	
March 16, 2011	HR 861	Terminating the Neighborhood Stabilization Program	Bill Passed - House(242 - 182)	Nay	
March 15, 2011	H J Res 48	Additional Continuing Appropriations	Joint Resolution Passed - House(271 - 158)	Nay	
March 11, 2011	HR 836	Terminating the Emergency Mortgage Relief Program	Bill Passed - House(242 - 177)	Nay	
March 10, 2011	HR 830	Terminating the Federal Housing Administration Refinance Program	Bill Passed - House(256 - 171)	Nay	
March 3, 2011	HR 4	Repeals the Form 1099 Provision in the Patient Protection and Affordable Care Act	Bill Passed - House(314 - 112)	Nay	
March 1, 2011	H J Res 44	Continuing Appropriations Amendments	Joint Resolution Passed - House(335 - 91)	Nay	
Feb. 19, 2011	H Amdt 155	Prohibits Use of Funds for Step Increase for General Schedule Employees	Amendment Rejected - House(191 - 230)	Nay	
Feb. 19, 2011	HR 1	Continuing Appropriations	Bill Passed - House(235 - 189)	Nay	
Feb. 18, 2011	H Amdt 92	Prohibiting the Use of Federal Funds for NASCAR Sponsorships	Amendment Rejected - House(148 - 281)	Yea	
Feb. 18, 2011	H Amdt 94	Prohibits Funds for the Gainful Employment Rule	Amendment Adopted - House(289 - 136)	Nay	
Feb. 18, 2011	H Amdt 95	Prohibiting Use of Federal Funds For Planned Parenthood	Amendment Adopted - House(240 - 185)	Nay	
Feb. 17, 2011	H Amdt 69	Reducing Federal Funding of the US Institute of Peace	Amendment Adopted - House(268 - 163)	Nay	
Feb. 17, 2011	HR 514	Extension of Various USA PATRIOT Act Provisions	Concurrence Vote Passed - House(279 - 143)	Nay	
Feb. 16, 2011	H Amdt 16	Reducing Navy and Air Force Appropriations	Amendment Adopted - House(233 - 198)	Yea	
Feb. 15, 2011	H Amdt 13	Reducing Navy and Air Force Aircraft Procurement	Amendment Rejected - House(105 - 326)	Yea	
Feb. 14, 2011	HR 514	Extension of Various USA PATRIOT Act Provisions	Bill Passed - House(275 - 144)	Did Not Vote	
Feb. 8, 2011	HR 514	Extension of Various USA PATRIOT Act Provisions	Bill Failed - House(277 - 148)	Nay	
Jan. 26, 2011	HR 359	Abolishing Federal Financing of Presidential Election Campaigns	Bill Passed - House(239 - 160)	Nay	
Jan. 25, 2011	H Res 38	Reducing Spending to Fiscal Year 2008 Levels	Resolution Passed - House(256 - 165)	Nay	
Jan. 19, 2011	HR 2	Repealing the Health Care Bill	Bill Passed - House(245 - 189)	Nay	
Oct. 7, 2010	SB 870	2010-2011 Budget	Bill Passed - House(57 - 13)	Yea	
Aug. 31, 2010	AB 2470	Individual Health Plan Requirements	Concurrence Vote Passed - House(59 - 18)	Yea	
Aug. 31, 2010	AB 2479	Penalties for Violations Committed with the Intent to Capture Images or Recordings of a Person	Concurrence Vote Passed - House(54 - 21)	Yea	
Aug. 31, 2010	AB 482	Prohibiting Use of Credit Reports for Employment Purposes	Concurrence Vote Passed - House(45 - 30)	Yea	
Aug. 31, 2010	SB 1381	Increasing Age Requirements for Kindergarten and First Grade	Bill Passed - House(51 - 18)	Yea	
Aug. 30, 2010	AB 234	Marine Oil Shipping Regulations	Concurrence Vote Passed - House(45 - 28)	Yea	
Aug. 30, 2010	SB 1317	Parental Crime for Chronic Truancy	Bill Passed - House(58 - 17)	Yea	
Aug. 30, 2010	SB 1399	Expanding Medical Parole Eligibility	Bill Passed - House(44 - 32)	Yea	
Aug. 26, 2010	AB 1600	Requiring Insurers to Cover Mental Health Services	Concurrence Vote Passed - House(50 - 28)	Yea	
Sept. 3, 2009	AB 119	Prohibiting Gender-Based Health Insurance Pricing	Concurrence Vote Passed - House(49 - 28)	Yea	
Sept. 3, 2009	SB 54	Recognizing Out-of-State Same-Sex Marriages	Bill Passed - House(47 - 29)	Yea	
Sept. 3, 2009	SB 572	Harvey Milk Day	Bill Passed - House(46 - 28)	Yea	
Aug. 31, 2009	SBx3 18	Correctional Law Amendments	Bill Passed - House(41 - 37)	Yea	
July 24, 2009	ABX4 14	2009-2010 Budget Amendments	Concurrence Vote Passed - House(54 - 25)	Yea	
July 24, 2009	ABX4 15	Fiscal Year 2010 Budget Revisions: Implementing Prop 1A Suspension	Concurrence Vote Passed - House(59 - 14)	Yea	
July 24, 2009	ABX4 19	Fiscal Year 2010 Budget Revisions: In-Home Supportive Services Fraud	Concurrence Vote Passed - House(42 - 33)	Yea	
July 24, 2009	ABX4 2	Fiscal Year 2010 Budget Revisions: Education Revisions	Concurrence Vote Passed - House(55 - 18)	Yea	
July 24, 2009	ABX4 26	Fiscal Year 2010 Budget Revisions: Shifting Redevelopment Funds	Concurrence Vote Passed - House(41 - 31)	Yea	
July 23, 2009	ABX4 1	2009-2010 Budget Amendments	Concurrence Vote Passed - House(56 - 23)	Yea	
June 28, 2009	ABx3 39	Tax Law Amendments (2009-2010 Budget Financing)	Bill Passed - House(44 - 31)	Yea	
June 28, 2009	SBx3 16	2009-2010 Budget Amendments	Bill Passed - House(46 - 29)	Yea	
June 28, 2009	SBX3 17	Tax Law Amendments (2009-2010 Budget Financing)	Bill Passed - House(42 - 31)	Yea	
June 22, 2009	AB 761	Mobile Home Rent Control	Bill Failed - House(38 - 27)	Did Not Vote	
June 3, 2009	AB 155	Local Government Bankruptcy Restrictions	Bill Passed - House(47 - 25)	Yea	
June 3, 2009	AB 49	Water Conservation Requirements	Bill Passed - House(43 - 30)	Yea	
June 1, 2009	AB 920	Solar Power Energy Credit	Bill Passed - House(51 - 26)	Yea	
April 20, 2009	AJR 3	Statement of Opposition to Offshore Drilling	Joint Resolution Passed - House(43 - 25)	Yea	
March 2, 2009	HR 5	Statement of Opposition to Proposition 8	Resolution Passed - House(45 - 27)	Yea	
Feb. 27, 2009	AB 1422	Medi-Cal and Healthy Families Program Amendments	House	Sponsor	
Feb. 27, 2009	SB 810	Statewide Single Payer Health Care System	Senate	Co-sponsor	
Feb. 25, 2009	AB 524	Privacy Law Expansion	House	Sponsor	
Jan. 23, 2009	AJR 3	Statement of Opposition to Offshore Drilling	House	Co-sponsor	
Dec. 18, 2008	ABx1 12	Extending Tax Withholding Requirements to Payments to Independent Contractors	Concurrence Vote Passed - House(47 - 28)	Yea	
Dec. 2, 2008	HR 5	Statement of Opposition to Proposition 8	House	Co-sponsor	
Sept. 19, 2008	SBx1 28	Tax Law Amendments	Bill Passed - House(43 - 30)	Yea	
Sept. 16, 2008	AB 1452	Suspending Carryback and Net Operating Loss Deductions	Concurrence Vote Passed - House(55 - 21)	Yea	
Sept. 16, 2008	AB 1781	2008-2009 Budget	Conference Report Adopted - House(61 - 11)	Yea	
Sept. 16, 2008	SCA 12	State Lottery Amendments	Joint Resolution Passed - House(63 - 14)	Yea	
Sept. 9, 2008	SB 1087	2008-2009 Budget Amendments	Bill Failed - House(27 - 45)	Nay	
Aug. 31, 2008	AB 1860	Prohibiting Resale of Recalled Products	Concurrence Vote Passed - House(47 - 30)	Yea	
Aug. 31, 2008	AB 1945	Health Insurance Cancellation Restrictions	Concurrence Vote Passed - House(55 - 17)	Yea	
Aug. 31, 2008	AB 2321	Metro Sales Tax Increase	Concurrence Vote Passed - House(49 - 25)	Yea	
Aug. 31, 2008	SB 1301	Extending Student Financial Aid Eligibility	Bill Passed - House(46 - 29)	Yea	
Aug. 30, 2008	AB 583	Public Financing of Elections	Concurrence Vote Passed - House(42 - 32)	Yea	
Aug. 29, 2008	AB 1107	Drought-Related Unemployment Benefits 	Concurrence Vote Passed - House(60 - 18)	Yea	
Aug. 29, 2008	AB 2386	Agricultural Union Election Law Amendments	Concurrence Vote Passed - House(45 - 31)	Yea	
Aug. 29, 2008	SB 1407	Financing Courthouse Construction	Bill Passed - House(45 - 20)	Yea	
Aug. 29, 2008	SB 60	Expanding Driver's License Eligibility	Bill Passed - House(41 - 31)	Yea	
Aug. 29, 2008	SB 840	California Universal Healthcare Agency	Bill Passed - House(44 - 32)	Yea	
Aug. 28, 2008	AB 2765	Aerial Spraying Regulations	Concurrence Vote Passed - House(59 - 14)	Yea	
Aug. 27, 2008	SB 1313	Perfluorochemical (PFC) Ban	Bill Passed - House(43 - 30)	Yea	
Aug. 27, 2008	SB 1420	Nutritional Information Disclosure in Chain Restaurants	Bill Passed - House(46 - 28)	Yea	
Aug. 25, 2008	SB 375	Global Warming and Land Use Policy	Bill Passed - House(49 - 22)	Yea	
Aug. 19, 2008	AB 1894	Health Insurance Coverage of HIV Testing	Concurrence Vote Passed - House(47 - 29)	Yea	
Aug. 19, 2008	SB 1440	Capping Administrative Spending for Health Insurers 	Bill Passed - House(46 - 31)	Yea	
Aug. 18, 2008	SB 1313	Perfluorochemical (PFC) Ban	Bill Failed - House(37 - 34)	Yea	
Aug. 18, 2008	SB 1713	Bisphenol A (BPA) Ban	Bill Failed - House(33 - 32)	Yea	
Aug. 17, 2008	AB 1781	2008-2009 Budget	Conference Report Rejected - House(45 - 30)	Yea	
Aug. 13, 2008	AB 3034	High-Speed Rail Bond Amendments	Concurrence Vote Passed - House(58 - 15)	Yea	
Aug. 30, 2004	AB 32	Greenhouse Gases Emission Limits	House	Co-sponsor	
June 6, 2007	AB 70	Government Flood Liability	Bill Passed - House(44 - 33)	Yea	
June 5, 2007	AB 1058	Residential Green Building Standards	Bill Passed - House(45 - 34)	Yea	
June 5, 2007	AB 1108	Phthalates in Children Products	Bill Passed - House(41 - 34)	Yea	
June 5, 2007	AB 35	Sustainable Government Building Standards	Bill Passed - House(46 - 33)	Yea	
June 5, 2007	AB 43	Same Sex Marriage	Bill Passed - House(42 - 34)	Yea	
June 5, 2007	AB 888	Green Building Standards	Bill Passed - House(43 - 33)	Yea	
June 4, 2007	AB 514	Diacetyl Toxic Substance Ban	Bill Passed - House(43 - 33)	Yea	
May 29, 2007	AB 1471	Crime Gun Identification Act of 2007	Bill Passed - House(44 - 31)	Yea	
May 7, 2007	AB 102	Name Equality Act of 2007	Bill Passed - House(46 - 26)	Yea	
March 6, 2007	SB 113	Presidential Primaries	Bill Passed - House(46 - 29)	Yea	
Feb. 26, 2007	SB 840	Single-Payer Health Care Coverage	Senate	Co-sponsor	
Feb. 5, 2007	SB 180	Labor Bargaining for Agricultural Workers	Senate	Co-sponsor	
Dec. 4, 2006	AB 8	Expanding Subsidized Health Care Eligibility	House	Co-sponsor	
Aug. 31, 2006	AB 32	Greenhouse Gases Emission Limits	Concurrence Vote Passed - House(47 - 32)	Yea	
Aug. 31, 2006	SB 1578	Dog Restraint Regulations	Bill Passed - House(46 - 32)	Did Not Vote	
Aug. 31, 2006	SB 1675	Renewable Diesel Fuel Requirements	Bill Failed - House(33 - 40)	Yea	
Aug. 30, 2006	AB 1953	Amount of Lead in Plumbing Requirements	Concurrence Vote Passed - House(42 - 36)	Yea	
Aug. 30, 2006	AB 352	Microstamping of Bullets Fired from Semi-Automatic Guns	Concurrence Vote Failed - House(40 - 37)	Yea	
Aug. 30, 2006	SB 1414	Health Care Requirements for Large Companies	Bill Passed - House(41 - 37)	Yea	
Aug. 29, 2006	SB 1379	Biomonitoring Program	Bill Passed - House(47 - 30)	Yea	
Aug. 29, 2006	SB 1613	Prohibition on Wireless Phone Use While Driving	Bill Passed - House(50 - 28)	Yea	
Aug. 28, 2006	AB 2536	Overtime Pay for Personal Attendants 	Concurrence Vote Passed - House(47 - 31)	Yea	
Aug. 24, 2006	AB 2108	Child Booster and Seat Belt Requirements	Concurrence Vote Passed - House(47 - 28)	Yea	
Aug. 21, 2006	SB 1437	Prohibiting Discriminatory Content in Public School Curriculum 	Bill Passed - House(47 - 31)	Yea	
Aug. 17, 2006	SB 1248	Long-Term Health Care Facilities	Bill Passed - House(49 - 28)	Yea	
June 29, 2006	SB 1	Solar Energy	Bill Passed - House(49 - 19)	Yea	
June 27, 2006	AB 1801	2006-2007 Budget	Conference Report Adopted - House(54 - 23)	Yea	
June 27, 2006	SB 1137	Sentences for Non-Violent Drug Offenders	Bill Passed - House(64 - 8)	Yea	
May 31, 2006	AB 1899	Flood Assessment Requirements for Building	Bill Passed - House(42 - 35)	Yea	
May 31, 2006	AB 2076	Needle Exchange Program 	Bill Passed - House(45 - 34)	Yea	
May 31, 2006	AB 2205	Food Stamp Eligibility for Medi-Cal Recipients	Bill Passed - House(48 - 32)	Yea	
May 31, 2006	AB 2378	Affordable Housing Bill	Bill Passed - House(49 - 27)	Yea	
May 31, 2006	AB 2555	Wage Discrimination Penalties	Bill Passed - House(48 - 32)	Yea	
May 31, 2006	AB 3029	CalWorks and Food Stamp Program	Bill Passed - House(49 - 31)	Yea	
May 30, 2006	AB 1970	Energy Conservation Bill	Bill Passed - House(44 - 35)	Yea	
May 30, 2006	AB 2948	Electoral College: Interstate Compact	Bill Passed - House(49 - 31)	Yea	
May 25, 2006	AB 2108	Child Booster and Seat Belt Requirements	Bill Passed - House(44 - 30)	Yea	
May 25, 2006	AB 2122	Shareholder Distribution Restrictions	Bill Passed - House(48 - 32)	Yea	
May 22, 2006	AJR 51	Endorsing Federal Amendments to Immigration Law 	Joint Resolution Passed - House(43 - 27)	Yea	
May 15, 2006	AB 2496	Water Conservation: Low-Flush Water Closet	Bill Passed - House(51 - 26)	Yea	
May 15, 2006	AB 813	Medi-Cal: Emergency Drug Benefits	Bill Passed - House(66 - 5)	Yea	
May 5, 2006	AB 127	Kindergarten-University Public Education Bond Act of 2006	Concurrence Vote Passed - House(58 - 12)	Yea	
May 5, 2006	SB 1689	Housing and Emergency Shelter Trust Fund Act of 2006	Bill Passed - House(54 - 16)	Yea	
May 4, 2006	AB 140	Disaster Preparedness and Flood Prevention Bond Act	Bill Passed - House(62 - 9)	Yea	
May 4, 2006	SB 1266	Highway Safety, Traffic Reduction, Air Quality, and Port Security Bond Act of 2006	Bill Passed - House(61 - 10)	Yea	
April 24, 2006	AJR 51	Endorsing Federal Amendments to Immigration Law 	House	Co-sponsor	
Feb. 23, 2006	SB 1576	Transitional Housing Services for Foster Youth	Senate	Co-sponsor	
Jan. 30, 2006	AB 583	California Clean Money and Fair Elections Act of 2006	Bill Passed - House(47 - 31)	Yea	
Jan. 26, 2006	AB 802	Local Governments Assessment of Flood Risks 	Bill Passed - House(41 - 34)	Did Not Vote	
Feb. 16, 2005	AB 583	California Clean Money and Fair Elections Act of 2006	House	Co-sponsor	
Aug. 30, 2004	AB 32	Greenhouse Gases Emission Limits	House	Co-sponsor	
Aug. 30, 2004	AB 32	Greenhouse Gases Emission Limits	House	Co-sponsor	
Aug. 30, 2004	AB 32	Greenhouse Gases Emission Limits	House	Co-sponsor	
Aug. 30, 2004	AB 32	Greenhouse Gases Emission Limits	House	Co-sponsor	
Aug. 30, 2004	AB 32	Greenhouse Gases Emission Limits	House	Co-sponsor	
Aug. 13, 2008	AB 86	Cyber-Bullying Enforcement 	Concurrence Vote Passed - House(52 - 22)	Yea	
Aug. 13, 2008	SB 1171	Expanding Loaded Firearm Restrictions	Bill Passed - House(45 - 32)	Yea	
Aug. 13, 2008	SB 28	Prohibiting Text Messaging While Driving	Bill Passed - House(52 - 24)	Yea	
Aug. 12, 2008	AB 1946	Expanding Enforcement of Water Pollution Laws	Concurrence Vote Passed - House(48 - 29)	Yea	
Aug. 12, 2008	AB 2270	Water Softener Regulations	Concurrence Vote Passed - House(53 - 19)	Yea	
Aug. 12, 2008	SB 1589	Uncorroborated Jailhouse Informant Testimony Ban	Bill Passed - House(41 - 37)	Yea	
Aug. 7, 2008	AB 2567	Creation of "Harvey Milk Day"	Concurrence Vote Passed - House(47 - 27)	Yea	
July 15, 2008	SB 974	Shipping Fee	Bill Passed - House(46 - 24)	Yea	
July 14, 2008	AB 1155	Penalties for Healthcare Service Plan Underpayments or Failures to Pay Service Providers	Concurrence Vote Passed - House(47 - 26)	Yea	
July 14, 2008	AB 97	Trans Fats Ban	Concurrence Vote Passed - House(47 - 28)	Yea	
June 30, 2008	SB 1137	Residential Property Foreclosures 	Bill Passed - House(55 - 18)	Yea	
June 30, 2008	SB 823	Private Postsecondary Education Regulation	Bill Failed - House(41 - 33)	Yea	
June 23, 2008	SB 606	'No Child Left Behind' Implementation	Bill Passed - House(54 - 24)	Yea	
June 9, 2008	SB 606	'No Child Left Behind' Implementation	Bill Failed - House(49 - 26)	Yea	
June 5, 2008	SB 153	Property Transfer	Bill Passed - House(45 - 29)	Yea	
May 29, 2008	2099	State IDs for Parolees	Bill Passed - House(46 - 31)	Yea	
May 29, 2008	AB 1819	Voter Registration Age Minimum Changes	Bill Passed - House(45 - 31)	Yea	
May 29, 2008	AB 1830	Subprime Lending Regulations	Bill Passed - House(47 - 28)	Yea	
May 29, 2008	AB 2062	Regulation Of Ammunition Sales	Bill Passed - House(42 - 32)	Yea	
May 29, 2008	AB 2076	Prohibiting E-verify 	Bill Passed - House(43 - 31)	Yea	
May 29, 2008	AB 2572	Nutritional Disclosure Bill	Bill Passed - House(46 - 15)	Yea	
May 29, 2008	AB 3034	High-Speed Rail Bond Amendments	Bill Passed - House(60 - 3)	Yea	
May 28, 2008	AB 1991	Development on Half Moon Bay	Bill Passed - House(46 - 18)	Yea	
May 28, 2008	AB 2058	Paper and Plastic Bag Tax	Bill Passed - House(44 - 33)	Yea	
May 28, 2008	AB 2279	Prohibiting Employment Discrimination Against Medical Marijuana Patients	Bill Passed - House(41 - 35)	Yea	
May 28, 2008	AB 2368	CalWORKs Eligibility 	Bill Passed - House(46 - 33)	Yea	
May 28, 2008	AB 2716	Paid Sick Leave 	Bill Passed - House(45 - 33)	Yea	
May 28, 2008	AB 2747	Disclosing End-of-Life Care Options	Bill Passed - House(42 - 34)	Yea	
May 28, 2008	AB 2759	Amending the Administration of State Preschool Programs	Bill Passed - House(47 - 31)	Yea	
May 27, 2008	AB 1996	Food Stamps for Convicted Drug Felons	Bill Passed - House(42 - 35)	Yea	
May 27, 2008	AB 2654	Expanding Anti-Discrimination Laws	Bill Passed - House(48 - 30)	Yea	
May 27, 2008	AB 3025	Polystyrene Packaging Regulations	Bill Passed - House(42 - 32)	Yea	
May 19, 2008	AB 2567	Creation of "Harvey Milk Day"	Bill Passed - House(45 - 28)	Yea	
May 5, 2008	AB 2233	Ban on Holding Pets While Driving	Bill Passed - House(44 - 20)	Yea	
May 1, 2008	AB 1943	Passenger Rights on Commercial Airlines	Bill Passed - House(57 - 17)	Yea	
March 12, 2008	ABx3 9	Oil Tax	Bill Failed - House(45 - 30)	Yea	
Feb. 22, 2008	AB 2747	Disclosing End-of-Life Care Options	House	Co-sponsor	
Feb. 4, 2008	ABx3 9	Oil Tax	House	Sponsor	
Jan. 31, 2008	SB 1137	Residential Property Foreclosures	Senate	Co-sponsor	
Jan. 29, 2008	AB 624	Disclosing Organizational Diversity	Bill Passed - House(45 - 29)	Yea	
Jan. 23, 2008	AB 1830	Subprime Lending Regulations	House	Sponsor	
Jan. 18, 2008	AB 1819	Voter Registration Age Minimum Changes	House	Co-sponsor	
Aug. 27, 2007	SB 33	Underage Driver Cellphone Ban	Bill Passed - House(67 - 7)	Yea	
Aug. 27, 2007	SB 924	Iraq Withdrawal Ballot Question	Bill Passed - House(43 - 32)	Yea	
July 20, 2007	SB 77	2007-2008 Budget	Conference Report Adopted - House(56 - 23)	Yea	
July 12, 2007	SB 180	Collective Bargaining Representation for Agricultural Workers	Bill Passed - House(46 - 33)	Yea	
June 7, 2007	AB 8	Expanding Subsidized Health Care Eligibility	Bill Passed - House(47 - 32)	Yea	
June 6, 2007	AB 1470	Solar Water Heating and Efficiency Act of 2007	Bill Passed - House(44 - 34)	Yea	
June 6, 2007	AB 1634	California Healthy Pets Act	Bill Passed - House(41 - 38)	Yea	
June 6, 2007	AB 493	New Car Purchases Fees and Rebates	Bill Failed - House(35 - 35)	Yea	
Aug. 30, 2004	AB 32	Greenhouse Gases Emission Limits	House	Co-sponsor	
Aug. 30, 2004	AB 32	Greenhouse Gases Emission Limits	House	Co-sponsor	
Aug. 30, 2004	AB 32	Greenhouse Gases Emission Limits	House	Co-sponsor	
Aug. 30, 2004	AB 32	Greenhouse Gases Emission Limits	House	Co-sponsor	
Aug. 30, 2004	AB 32	Greenhouse Gases Emission Limits	House	Co-sponsor	
Aug. 30, 2004	AB 32	Greenhouse Gases Emission Limits	House	Co-sponsor	
Aug. 30, 2004	AB 32	Greenhouse Gases Emission Limits	House	Co-sponsor	
Aug. 30, 2004	AB 32	Greenhouse Gases Emission Limits	House	Co-sponsor	
Aug. 30, 2004	AB 32	Greenhouse Gases Emission Limits	House	Co-sponsor	
Aug. 30, 2004	AB 32	Greenhouse Gases Emission Limits	House	Co-sponsor	
Aug. 30, 2004	AB 32	Greenhouse Gases Emission Limits	House	Co-sponsor	
Aug. 30, 2004	AB 32	Greenhouse Gases Emission Limits	House	Co-sponsor	
Aug. 30, 2004	AB 32	Greenhouse Gases Emission Limits	House	Co-sponsor	
Aug. 30, 2004	AB 32	Greenhouse Gases Emission Limits	House	Co-sponsor	
Aug. 30, 2004	AB 32	Greenhouse Gases Emission Limits	House	Co-sponsor	
Aug. 30, 2004	AB 32	Greenhouse Gases Emission Limits	House	Co-sponsor	
Aug. 30, 2004	AB 32	Greenhouse Gases Emission Limits	House	Co-sponsor	
Aug. 30, 2004	AB 32	Greenhouse Gases Emission Limits	House	Co-sponsor	
Aug. 30, 2004	AB 32	Greenhouse Gases Emission Limits	House	Co-sponsor	
Aug. 30, 2004	AB 32	Greenhouse Gases Emission Limits	House	Co-sponsor	
Aug. 30, 2004	AB 32	Greenhouse Gases Emission Limits	House	Co-sponsor	
Aug. 30, 2004	AB 32	Greenhouse Gases Emission Limits	House	Co-sponsor	
Aug. 30, 2004	AB 32	Greenhouse Gases Emission Limits	House	Co-sponsor	
Aug. 30, 2004	AB 32	Greenhouse Gases Emission Limits	House	Co-sponsor	
Aug. 30, 2004	AB 32	Greenhouse Gases Emission Limits	House	Co-sponsor	
Aug. 30, 2004	AB 32	Greenhouse Gases Emission Limits	House	Co-sponsor	
Aug. 30, 2004	AB 32	Greenhouse Gases Emission Limits	House	Co-sponsor	
Aug. 30, 2004	AB 32	Greenhouse Gases Emission Limits	House	Co-sponsor	
Aug. 30, 2004	AB 32	Greenhouse Gases Emission Limits	House	Co-sponsor	
Aug. 30, 2004	AB 32	Greenhouse Gases Emission Limits	House	Co-sponsor	
Aug. 30, 2004	AB 32	Greenhouse Gases Emission Limits	House	Co-sponsor	
Aug. 30, 2004	AB 32	Greenhouse Gases Emission Limits	House	Co-sponsor	
Aug. 30, 2004	AB 32	Greenhouse Gases Emission Limits	House	Co-sponsor	
Aug. 30, 2004	AB 32	Greenhouse Gases Emission Limits	House	Co-sponsor	
Aug. 30, 2004	AB 32	Greenhouse Gases Emission Limits	House	Co-sponsor	
Aug. 30, 2004	AB 32	Greenhouse Gases Emission Limits	House	Co-sponsor	
Aug. 30, 2004	AB 32	Greenhouse Gases Emission Limits	House	Co-sponsor	
Aug. 30, 2004	AB 32	Greenhouse Gases Emission Limits	House	Co-sponsor	
Aug. 30, 2004	AB 32	Greenhouse Gases Emission Limits	House	Co-sponsor	
Aug. 30, 2004	AB 32	Greenhouse Gases Emission Limits	House	Co-sponsor	
Aug. 30, 2004	AB 32	Greenhouse Gases Emission Limits	House	Co-sponsor	
Aug. 30, 2004	AB 32	Greenhouse Gases Emission Limits	House	Co-sponsor	
Aug. 30, 2004	AB 32	Greenhouse Gases Emission Limits	House	Co-sponsor	
Aug. 30, 2004	AB 32	Greenhouse Gases Emission Limits	House	Co-sponsor	
Aug. 30, 2004	AB 32	Greenhouse Gases Emission Limits	House	Co-sponsor	
Aug. 30, 2004	AB 32	Greenhouse Gases Emission Limits	House	Co-sponsor	
Aug. 30, 2004	AB 32	Greenhouse Gases Emission Limits	House	Co-sponsor	
Aug. 30, 2004	AB 32	Greenhouse Gases Emission Limits	House	Co-sponsor	
Aug. 30, 2004	AB 32	Greenhouse Gases Emission Limits	House	Co-sponsor	
Aug. 30, 2004	AB 32	Greenhouse Gases Emission Limits	House	Co-sponsor	
Aug. 30, 2004	AB 32	Greenhouse Gases Emission Limits	House	Co-sponsor	
Aug. 30, 2004	AB 32	Greenhouse Gases Emission Limits	House	Co-sponsor	
Aug. 30, 2004	AB 32	Greenhouse Gases Emission Limits	House	Co-sponsor	
Aug. 30, 2004	AB 32	Greenhouse Gases Emission Limits	House	Co-sponsor	
Aug. 30, 2004	AB 32	Greenhouse Gases Emission Limits	House	Co-sponsor	
Aug. 30, 2004	AB 32	Greenhouse Gases Emission Limits	House	Co-sponsor	
Aug. 30, 2004	AB 32	Greenhouse Gases Emission Limits	House	Co-sponsor	
Aug. 30, 2004	AB 32	Greenhouse Gases Emission Limits	House	Co-sponsor	
Aug. 30, 2004	AB 32	Greenhouse Gases Emission Limits	House	Co-sponsor	
Aug. 30, 2004	AB 32	Greenhouse Gases Emission Limits	House	Co-sponsor	
Aug. 30, 2004	AB 32	Greenhouse Gases Emission Limits	House	Co-sponsor	
Aug. 30, 2004	AB 32	Greenhouse Gases Emission Limits	House	Co-sponsor	
Aug. 30, 2004	AB 32	Greenhouse Gases Emission Limits	House	Co-sponsor	
Aug. 30, 2004	AB 32	Greenhouse Gases Emission Limits	House	Co-sponsor	
Aug. 30, 2004	AB 32	Greenhouse Gases Emission Limits	House	Co-sponsor	
Aug. 30, 2004	AB 32	Greenhouse Gases Emission Limits	House	Co-sponsor	
Aug. 30, 2004	AB 32	Greenhouse Gases Emission Limits	House	Co-sponsor	
Aug. 30, 2004	AB 32	Greenhouse Gases Emission Limits	House	Co-sponsor	
Aug. 30, 2004	AB 32	Greenhouse Gases Emission Limits	House	Co-sponsor	
Aug. 30, 2004	AB 32	Greenhouse Gases Emission Limits	House	Co-sponsor	
Aug. 30, 2004	AB 32	Greenhouse Gases Emission Limits	House	Co-sponsor	
Aug. 30, 2004	AB 32	Greenhouse Gases Emission Limits	House	Co-sponsor	
Aug. 30, 2004	AB 32	Greenhouse Gases Emission Limits	House	Co-sponsor	
Aug. 30, 2004	AB 32	Greenhouse Gases Emission Limits	House	Co-sponsor	
Aug. 30, 2004	AB 32	Greenhouse Gases Emission Limits	House	Co-sponsor	
Aug. 30, 2004	AB 32	Greenhouse Gases Emission Limits	House	Co-sponsor	
Aug. 30, 2004	AB 32	Greenhouse Gases Emission Limits	House	Co-sponsor	
Aug. 30, 2004	AB 32	Greenhouse Gases Emission Limits	House	Co-sponsor	
Aug. 30, 2004	AB 32	Greenhouse Gases Emission Limits	House	Co-sponsor	
Aug. 30, 2004	AB 32	Greenhouse Gases Emission Limits	House	Co-sponsor	
Aug. 30, 2004	AB 32	Greenhouse Gases Emission Limits	House	Co-sponsor	
Aug. 30, 2004	AB 32	Greenhouse Gases Emission Limits	House	Co-sponsor	
Aug. 30, 2004	AB 32	Greenhouse Gases Emission Limits	House	Co-sponsor	
Aug. 30, 2004	AB 32	Greenhouse Gases Emission Limits	House	Co-sponsor	
Aug. 30, 2004	AB 32	Greenhouse Gases Emission Limits	House	Co-sponsor	
Aug. 30, 2004	AB 32	Greenhouse Gases Emission Limits	House	Co-sponsor	
Aug. 30, 2004	AB 32	Greenhouse Gases Emission Limits	House	Co-sponsor	
Aug. 30, 2004	AB 32	Greenhouse Gases Emission Limits	House	Co-sponsor	
Aug. 30, 2004	AB 32	Greenhouse Gases Emission Limits	House	Co-sponsor	
Aug. 30, 2004	AB 32	Greenhouse Gases Emission Limits	House	Co-sponsor	
Aug. 30, 2004	AB 32	Greenhouse Gases Emission Limits	House	Co-sponsor	
Aug. 30, 2004	AB 32	Greenhouse Gases Emission Limits	House	Co-sponsor	
Aug. 30, 2004	AB 32	Greenhouse Gases Emission Limits	House	Co-sponsor	
Aug. 30, 2004	AB 32	Greenhouse Gases Emission Limits	House	Co-sponsor	
Aug. 30, 2004	AB 32	Greenhouse Gases Emission Limits	House	Co-sponsor	
Aug. 30, 2004	AB 32	Greenhouse Gases Emission Limits	House	Co-sponsor	
Aug. 30, 2004	AB 32	Greenhouse Gases Emission Limits	House	Co-sponsor	
Aug. 30, 2004	AB 32	Greenhouse Gases Emission Limits	House	Co-sponsor	
Aug. 30, 2004	AB 32	Greenhouse Gases Emission Limits	House	Co-sponsor	
Aug. 30, 2004	AB 32	Greenhouse Gases Emission Limits	House	Co-sponsor	
Aug. 30, 2004	AB 32	Greenhouse Gases Emission Limits	House	Co-sponsor	
Aug. 30, 2004	AB 32	Greenhouse Gases Emission Limits	House	Co-sponsor	
